# fabric: numbers of the function reference (manual 1.11.1.2). Written by gen_lib_doc.py; never edit.
file	fabricctl-agent|src/agent/get_route.py	1	
file	fabricctl-agent|src/agent/handler.py	2	
file	fabricctl-agent|src/agent/post_dhcp.py	3	
file	fabricctl-agent|src/agent/post_directory.py	4	
file	fabricctl-agent|src/agent/post_dns.py	5	
file	fabricctl-agent|src/agent/post_domain.py	14	
file	fabricctl-agent|src/agent/post_network.py	6	
file	fabricctl-agent|src/agent/post_pki.py	7	
file	fabricctl-agent|src/agent/post_route.py	8	
file	fabricctl-agent|src/agent/post_security.py	15	
file	fabricctl-agent|src/agent/post_vault.py	9	
file	fabricctl-agent|src/agent/read_fields.py	10	
file	fabricctl-agent|src/agent/read_strings.py	11	
file	fabricctl-agent|src/agent/read_text.py	12	
file	fabricctl-agent|src/agent/server.py	13	
file	fabricctl-jinja|packaging/images/bake_env.py	9	
file	fabricctl-jinja|packaging/images/dirsrv/dscontainer-launch.py	1	0.5.0 / 2026-10-04
file	fabricctl-jinja|packaging/images/samba/entrypoint.sh	11	
file	fabricctl-jinja|packaging/images/samba/set_password.py	12	
file	fabricctl-jinja|packaging/images/smoke-test.sh	10	
file	fabricctl-jinja|src/containers/dirsrv/seed.py	2	0.5.0 / 2026-10-04
file	fabricctl-jinja|src/containers/freeradius/check_peap.py	41	
file	fabricctl-jinja|src/containers/freeradius/check_person.py	3	
file	fabricctl-jinja|src/containers/freeradius/directory.py	4	
file	fabricctl-jinja|src/containers/freeradius/fabric_radius.py	5	
file	fabricctl-jinja|src/containers/freeradius/lookup_device.py	6	
file	fabricctl-jinja|src/containers/freeradius/mappings.py	42	
file	fabricctl-jinja|src/containers/freeradius/normalize_mac.py	7	
file	fabricctl-jinja|src/containers/freeradius/record_fingerprint.py	8	
file	fabricctl-jinja|src/containers/samba/acl_entries.py	63	
file	fabricctl-jinja|src/containers/samba/add_group_member.py	29	
file	fabricctl-jinja|src/containers/samba/admin_gpo.py	49	
file	fabricctl-jinja|src/containers/samba/admx_store.py	50	
file	fabricctl-jinja|src/containers/samba/alloc_id.py	24	
file	fabricctl-jinja|src/containers/samba/converge.py	13	
file	fabricctl-jinja|src/containers/samba/create_machine.py	46	
file	fabricctl-jinja|src/containers/samba/create_person.py	30	
file	fabricctl-jinja|src/containers/samba/directory_op.py	25	
file	fabricctl-jinja|src/containers/samba/ensure_ad_site.py	14	
file	fabricctl-jinja|src/containers/samba/ensure_gpo.py	15	
file	fabricctl-jinja|src/containers/samba/ensure_groups.py	16	
file	fabricctl-jinja|src/containers/samba/ensure_join_account.py	57	
file	fabricctl-jinja|src/containers/samba/ensure_layout.py	17	
file	fabricctl-jinja|src/containers/samba/ensure_networks.py	44	
file	fabricctl-jinja|src/containers/samba/ensure_schema.py	18	
file	fabricctl-jinja|src/containers/samba/ensure_service_accounts.py	26	
file	fabricctl-jinja|src/containers/samba/ensure_site_acl.py	19	
file	fabricctl-jinja|src/containers/samba/ensure_site_info.py	27	
file	fabricctl-jinja|src/containers/samba/ensure_site_link.py	58	
file	fabricctl-jinja|src/containers/samba/ensure_sso_account.py	66	
file	fabricctl-jinja|src/containers/samba/ensure_sudo_rule.py	47	
file	fabricctl-jinja|src/containers/samba/find_machine.py	53	
file	fabricctl-jinja|src/containers/samba/get_person.py	31	
file	fabricctl-jinja|src/containers/samba/gpo_tool.py	51	
file	fabricctl-jinja|src/containers/samba/link_device_cert.py	34	
file	fabricctl-jinja|src/containers/samba/list_machines.py	54	
file	fabricctl-jinja|src/containers/samba/list_people.py	32	
file	fabricctl-jinja|src/containers/samba/logon_rights_policy.py	20	
file	fabricctl-jinja|src/containers/samba/open_samdb.py	21	
file	fabricctl-jinja|src/containers/samba/paths.py	35	
file	fabricctl-jinja|src/containers/samba/policy_entries.py	52	
file	fabricctl-jinja|src/containers/samba/pull_sysvol.py	61	
file	fabricctl-jinja|src/containers/samba/read_devices.py	36	
file	fabricctl-jinja|src/containers/samba/read_id_blocks.py	62	0.5.0 / 2026-10-05
file	fabricctl-jinja|src/containers/samba/read_networks.py	45	
file	fabricctl-jinja|src/containers/samba/read_replication.py	60	
file	fabricctl-jinja|src/containers/samba/read_sites.py	65	
file	fabricctl-jinja|src/containers/samba/remove_device.py	37	
file	fabricctl-jinja|src/containers/samba/remove_machine.py	55	
file	fabricctl-jinja|src/containers/samba/remove_role.py	38	
file	fabricctl-jinja|src/containers/samba/reset_password.py	33	
file	fabricctl-jinja|src/containers/samba/root_ca_policy.py	22	
file	fabricctl-jinja|src/containers/samba/save_device.py	39	
file	fabricctl-jinja|src/containers/samba/save_role.py	40	
file	fabricctl-jinja|src/containers/samba/set_gpo_acl.py	59	
file	fabricctl-jinja|src/containers/samba/set_machine.py	56	
file	fabricctl-jinja|src/containers/samba/set_password_policy.py	23	
file	fabricctl-jinja|src/containers/samba/share_winbind.py	43	
file	fabricctl-jinja|src/containers/samba/site_info.py	28	
file	fabricctl-jinja|src/containers/samba/site_roles.py	64	
file	fabricctl-jinja|src/containers/samba/windows_baseline_policy.py	48	
file	fabricctl-lib|src/federation/server.py	1	
file	fabricctl-lib|src/ux/cli/keycloak_bootstrap.py	2	
file	fabriclib-common|src/fabriclib/common/console.py	1	
file	fabriclib-common|src/fabriclib/common/copy_if_changed.py	2	
file	fabriclib-common|src/fabriclib/common/copy_tree_with_perms.py	3	
file	fabriclib-common|src/fabriclib/common/dns_query.py	4	
file	fabriclib-common|src/fabriclib/common/ensure_dir.py	5	
file	fabriclib-common|src/fabriclib/common/jinja_env.py	6	
file	fabriclib-common|src/fabriclib/common/keep_original.py	7	
file	fabriclib-common|src/fabriclib/common/load_vars.py	8	
file	fabriclib-common|src/fabriclib/common/lock_dir.py	23	
file	fabriclib-common|src/fabriclib/common/one_time_password.py	9	
file	fabriclib-common|src/fabriclib/common/read_audit.py	10	
file	fabriclib-common|src/fabriclib/common/read_images_lock.py	11	
file	fabriclib-common|src/fabriclib/common/read_packages_lock.py	12	
file	fabriclib-common|src/fabriclib/common/read_published_lock.py	24	
file	fabriclib-common|src/fabriclib/common/restore_original.py	13	
file	fabriclib-common|src/fabriclib/common/run.py	14	
file	fabriclib-common|src/fabriclib/common/save_vars.py	15	
file	fabriclib-common|src/fabriclib/common/service_user.py	16	
file	fabriclib-common|src/fabriclib/common/set_tsig_secrets.py	17	
file	fabriclib-common|src/fabriclib/common/sudo_owner.py	18	
file	fabriclib-common|src/fabriclib/common/vars_lock.py	19	
file	fabriclib-common|src/fabriclib/common/wait_healthy.py	20	
file	fabriclib-common|src/fabriclib/common/write_audit.py	21	
file	fabriclib-common|src/fabriclib/common/write_file_if_changed.py	22	
file	fabriclib-consent|src/fabriclib/consent/allowed_to_change.py	1	
file	fabriclib-consent|src/fabriclib/consent/ask_consent.py	2	
file	fabriclib-consent|src/fabriclib/consent/check_consent.py	3	
file	fabriclib-consent|src/fabriclib/consent/common/consent_file.py	4	
file	fabriclib-consent|src/fabriclib/consent/consent_status.py	5	
file	fabriclib-consent|src/fabriclib/consent/load_consent.py	6	
file	fabriclib-consent|src/fabriclib/consent/plan_accounts.py	7	
file	fabriclib-consent|src/fabriclib/consent/plan_firewall.py	8	
file	fabriclib-consent|src/fabriclib/consent/plan_host_changes.py	9	
file	fabriclib-consent|src/fabriclib/consent/plan_packages.py	10	
file	fabriclib-consent|src/fabriclib/consent/plan_resolver.py	11	
file	fabriclib-consent|src/fabriclib/consent/plan_runtime.py	12	
file	fabriclib-consent|src/fabriclib/consent/plan_services.py	13	
file	fabriclib-consent|src/fabriclib/consent/plan_time.py	14	
file	fabriclib-consent|src/fabriclib/consent/plan_trust.py	15	
file	fabriclib-consent|src/fabriclib/consent/planned_vars.py	16	
file	fabriclib-consent|src/fabriclib/consent/save_consent.py	17	
file	fabriclib-consent|src/fabriclib/consent/show_consent_status.py	18	
file	fabriclib-core|src/fabriclib/cli.py	1	
file	fabriclib-deploy|src/fabriclib/deploy/apply_deployment.py	1	
file	fabriclib-deploy|src/fabriclib/deploy/archive_vars.py	2	
file	fabriclib-deploy|src/fabriclib/deploy/check_fixed_identity.py	3	
file	fabriclib-deploy|src/fabriclib/deploy/check_samba_settings.py	28	
file	fabriclib-deploy|src/fabriclib/deploy/check_settings.py	4	
file	fabriclib-deploy|src/fabriclib/deploy/compose_builds.py	26	
file	fabriclib-deploy|src/fabriclib/deploy/deploy_optional_parts.py	5	
file	fabriclib-deploy|src/fabriclib/deploy/deploy_paths.py	6	
file	fabriclib-deploy|src/fabriclib/deploy/finish_without_start.py	7	
file	fabriclib-deploy|src/fabriclib/deploy/generate_missing_secrets.py	8	
file	fabriclib-deploy|src/fabriclib/deploy/install_bind9_files.py	9	
file	fabriclib-deploy|src/fabriclib/deploy/install_directory_sync_timer.py	10	0.5.0 / 2026-10-04
file	fabriclib-deploy|src/fabriclib/deploy/install_dirsrv_seed.py	11	0.5.0 / 2026-10-04
file	fabriclib-deploy|src/fabriclib/deploy/install_fabric_tree.py	12	
file	fabriclib-deploy|src/fabriclib/deploy/install_nginx_config.py	13	
file	fabriclib-deploy|src/fabriclib/deploy/install_openbao_config.py	14	
file	fabriclib-deploy|src/fabriclib/deploy/install_runtime_dirs.py	15	
file	fabriclib-deploy|src/fabriclib/deploy/install_service_units.py	16	
file	fabriclib-deploy|src/fabriclib/deploy/install_stepca_templates.py	17	
file	fabriclib-deploy|src/fabriclib/deploy/install_webui_files.py	18	
file	fabriclib-deploy|src/fabriclib/deploy/load_link_vars.py	19	
file	fabriclib-deploy|src/fabriclib/deploy/merge_radius_clients.py	20	
file	fabriclib-deploy|src/fabriclib/deploy/merge_tsig_keys.py	21	
file	fabriclib-deploy|src/fabriclib/deploy/render_templates.py	22	
file	fabriclib-deploy|src/fabriclib/deploy/render_vars.py	23	
file	fabriclib-deploy|src/fabriclib/deploy/restart_changed.py	24	
file	fabriclib-deploy|src/fabriclib/deploy/service_units.py	25	
file	fabriclib-deploy|src/fabriclib/deploy/verify_published_images.py	27	
file	fabriclib-dhcp|src/fabriclib/dhcp/add_client_class.py	1	
file	fabriclib-dhcp|src/fabriclib/dhcp/add_reservation.py	2	
file	fabriclib-dhcp|src/fabriclib/dhcp/add_subnet.py	3	
file	fabriclib-dhcp|src/fabriclib/dhcp/check_kea_config.py	4	
file	fabriclib-dhcp|src/fabriclib/dhcp/common/edit_dhcp.py	5	
file	fabriclib-dhcp|src/fabriclib/dhcp/common/find_subnet.py	6	
file	fabriclib-dhcp|src/fabriclib/dhcp/common/kea_image.py	27	
file	fabriclib-dhcp|src/fabriclib/dhcp/common/option_target.py	7	
file	fabriclib-dhcp|src/fabriclib/dhcp/deploy_kea.py	8	
file	fabriclib-dhcp|src/fabriclib/dhcp/dhcp_overview.py	9	
file	fabriclib-dhcp|src/fabriclib/dhcp/ensure_ddns_zone.py	10	
file	fabriclib-dhcp|src/fabriclib/dhcp/kea_client_classes.py	11	
file	fabriclib-dhcp|src/fabriclib/dhcp/kea_command.py	12	
file	fabriclib-dhcp|src/fabriclib/dhcp/kea_option_data.py	13	
file	fabriclib-dhcp|src/fabriclib/dhcp/kea_option_defs.py	14	
file	fabriclib-dhcp|src/fabriclib/dhcp/list_leases.py	15	
file	fabriclib-dhcp|src/fabriclib/dhcp/normalize_client_classes.py	16	
file	fabriclib-dhcp|src/fabriclib/dhcp/normalize_dhcp.py	17	
file	fabriclib-dhcp|src/fabriclib/dhcp/normalize_option_defs.py	18	
file	fabriclib-dhcp|src/fabriclib/dhcp/normalize_options.py	19	
file	fabriclib-dhcp|src/fabriclib/dhcp/remove_client_class.py	20	
file	fabriclib-dhcp|src/fabriclib/dhcp/remove_reservation.py	21	
file	fabriclib-dhcp|src/fabriclib/dhcp/remove_subnet.py	22	
file	fabriclib-dhcp|src/fabriclib/dhcp/run_dhcp_command.py	23	
file	fabriclib-dhcp|src/fabriclib/dhcp/set_option.py	24	
file	fabriclib-dhcp|src/fabriclib/dhcp/unset_option.py	25	
file	fabriclib-dhcp|src/fabriclib/dhcp/update_subnet.py	26	
file	fabriclib-directory|src/fabriclib/directory/add_device.py	7	
file	fabriclib-directory|src/fabriclib/directory/add_machine.py	23	
file	fabriclib-directory|src/fabriclib/directory/add_role.py	8	
file	fabriclib-directory|src/fabriclib/directory/common/check_device_fields.py	9	
file	fabriclib-directory|src/fabriclib/directory/common/check_role_fields.py	10	
file	fabriclib-directory|src/fabriclib/directory/common/normalize_mac.py	11	
file	fabriclib-directory|src/fabriclib/directory/common/read_directory.py	12	
file	fabriclib-directory|src/fabriclib/directory/create_person.py	2	
file	fabriclib-directory|src/fabriclib/directory/device_overview.py	13	
file	fabriclib-directory|src/fabriclib/directory/ensure_admin.py	3	
file	fabriclib-directory|src/fabriclib/directory/ensure_default_device_roles.py	14	
file	fabriclib-directory|src/fabriclib/directory/link_device_cert.py	15	
file	fabriclib-directory|src/fabriclib/directory/list_devices.py	16	
file	fabriclib-directory|src/fabriclib/directory/list_machines.py	24	
file	fabriclib-directory|src/fabriclib/directory/list_people.py	4	
file	fabriclib-directory|src/fabriclib/directory/list_roles.py	17	
file	fabriclib-directory|src/fabriclib/directory/people_password.py	5	
file	fabriclib-directory|src/fabriclib/directory/remove_device.py	18	
file	fabriclib-directory|src/fabriclib/directory/remove_machine.py	25	
file	fabriclib-directory|src/fabriclib/directory/remove_role.py	19	
file	fabriclib-directory|src/fabriclib/directory/require_device.py	20	
file	fabriclib-directory|src/fabriclib/directory/reset_sign_in.py	6	
file	fabriclib-directory|src/fabriclib/directory/run_op.py	1	
file	fabriclib-directory|src/fabriclib/directory/set_machine_enabled.py	26	
file	fabriclib-directory|src/fabriclib/directory/update_device.py	21	
file	fabriclib-directory|src/fabriclib/directory/update_role.py	22	
file	fabriclib-dns_filter|src/fabriclib/dns_filter/build_adguard_config.py	1	
file	fabriclib-dns_filter|src/fabriclib/dns_filter/deploy_adguard.py	2	
file	fabriclib-dns|src/fabriclib/dns/add_acl_entries.py	1	
file	fabriclib-dns|src/fabriclib/dns/add_record.py	2	
file	fabriclib-dns|src/fabriclib/dns/add_tsig_key.py	3	
file	fabriclib-dns|src/fabriclib/dns/builtin_acls.py	4	
file	fabriclib-dns|src/fabriclib/dns/create_zone_tsig_key.py	5	
file	fabriclib-dns|src/fabriclib/dns/find_changed_zones.py	6	
file	fabriclib-dns|src/fabriclib/dns/format_value.py	7	
file	fabriclib-dns|src/fabriclib/dns/install_zone_file.py	8	
file	fabriclib-dns|src/fabriclib/dns/list_tsig_keys.py	9	
file	fabriclib-dns|src/fabriclib/dns/list_zones.py	10	
file	fabriclib-dns|src/fabriclib/dns/normalize_acl_policies.py	11	
file	fabriclib-dns|src/fabriclib/dns/normalize_tsig_keys.py	12	
file	fabriclib-dns|src/fabriclib/dns/ptr_for_ip.py	13	
file	fabriclib-dns|src/fabriclib/dns/reload_zone.py	14	
file	fabriclib-dns|src/fabriclib/dns/remove_acl_entries.py	15	
file	fabriclib-dns|src/fabriclib/dns/remove_record.py	16	
file	fabriclib-dns|src/fabriclib/dns/remove_tsig_key.py	17	
file	fabriclib-dns|src/fabriclib/dns/replace_tsig_secret.py	18	
file	fabriclib-dns|src/fabriclib/dns/reverse_zones.py	19	
file	fabriclib-dns|src/fabriclib/dns/rfc2136_settings.py	20	
file	fabriclib-dns|src/fabriclib/dns/rndc.py	21	
file	fabriclib-dns|src/fabriclib/dns/rotate_tsig_key.py	22	
file	fabriclib-dns|src/fabriclib/dns/run_acl_command.py	23	
file	fabriclib-dns|src/fabriclib/dns/run_tsig_command.py	24	
file	fabriclib-dns|src/fabriclib/dns/set_acl_policy.py	25	
file	fabriclib-dns|src/fabriclib/dns/set_key_acls.py	26	
file	fabriclib-dns|src/fabriclib/dns/sync_status.py	27	
file	fabriclib-dns|src/fabriclib/dns/update_tsig_key.py	28	
file	fabriclib-dns|src/fabriclib/dns/validate_record.py	29	
file	fabriclib-dns|src/fabriclib/dns/zone_content_changed.py	30	
file	fabriclib-dns|src/fabriclib/dns/zone_detail.py	31	
file	fabriclib-dns|src/fabriclib/dns/zone_name.py	32	
file	fabriclib-federation|src/fabriclib/federation/accept_join.py	1	
file	fabriclib-federation|src/fabriclib/federation/common/federation_lock.py	2	
file	fabriclib-federation|src/fabriclib/federation/common/fetch_pinned_root.py	3	
file	fabriclib-federation|src/fabriclib/federation/common/is_root_site.py	34	
file	fabriclib-federation|src/fabriclib/federation/common/load_registry.py	4	
file	fabriclib-federation|src/fabriclib/federation/common/post_upstream.py	5	
file	fabriclib-federation|src/fabriclib/federation/common/run_in_directory.py	6	0.5.0 / 2026-10-04
file	fabriclib-federation|src/fabriclib/federation/common/save_registry.py	7	
file	fabriclib-federation|src/fabriclib/federation/common/signing_capacity.py	8	
file	fabriclib-federation|src/fabriclib/federation/common/site_name_problem.py	9	
file	fabriclib-federation|src/fabriclib/federation/configure_agreement.py	10	0.5.0 / 2026-10-04
file	fabriclib-federation|src/fabriclib/federation/configure_directory_links.py	11	0.5.0 / 2026-10-04
file	fabriclib-federation|src/fabriclib/federation/configure_replica.py	12	0.5.0 / 2026-10-04
file	fabriclib-federation|src/fabriclib/federation/create_invitation.py	13	
file	fabriclib-federation|src/fabriclib/federation/decode_invitation.py	14	
file	fabriclib-federation|src/fabriclib/federation/deploy_federation_endpoint.py	15	
file	fabriclib-federation|src/fabriclib/federation/directory_links.py	16	0.5.0 / 2026-10-04
file	fabriclib-federation|src/fabriclib/federation/dns_links.py	17	
file	fabriclib-federation|src/fabriclib/federation/drop_relay.py	18	
file	fabriclib-federation|src/fabriclib/federation/federation_overview.py	36	
file	fabriclib-federation|src/fabriclib/federation/federation_status.py	19	
file	fabriclib-federation|src/fabriclib/federation/join_upstream.py	20	
file	fabriclib-federation|src/fabriclib/federation/list_invitations.py	21	
file	fabriclib-federation|src/fabriclib/federation/network_conflicts.py	22	
file	fabriclib-federation|src/fabriclib/federation/next_id_block.py	35	
file	fabriclib-federation|src/fabriclib/federation/publish_address_plan.py	23	0.5.0 / 2026-10-04
file	fabriclib-federation|src/fabriclib/federation/publish_site_networks.py	24	0.5.0 / 2026-10-04
file	fabriclib-federation|src/fabriclib/federation/read_address_plan.py	25	
file	fabriclib-federation|src/fabriclib/federation/relay_join.py	26	
file	fabriclib-federation|src/fabriclib/federation/remove_site.py	27	
file	fabriclib-federation|src/fabriclib/federation/reparent_site.py	28	
file	fabriclib-federation|src/fabriclib/federation/revoke_invitation.py	29	
file	fabriclib-federation|src/fabriclib/federation/run_federation_command.py	30	
file	fabriclib-federation|src/fabriclib/federation/set_federation_endpoint.py	31	
file	fabriclib-federation|src/fabriclib/federation/show_networks.py	32	
file	fabriclib-federation|src/fabriclib/federation/site_networks.py	33	
file	fabriclib-images|src/fabriclib/images/built_from.py	1	
file	fabriclib-images|src/fabriclib/images/effective_service.py	11	
file	fabriclib-images|src/fabriclib/images/image_status.py	2	
file	fabriclib-images|src/fabriclib/images/installed_services.py	3	
file	fabriclib-images|src/fabriclib/images/needs_rebuild.py	4	
file	fabriclib-images|src/fabriclib/images/prune_images.py	5	
file	fabriclib-images|src/fabriclib/images/published_image.py	12	
file	fabriclib-images|src/fabriclib/images/rollback_image.py	6	
file	fabriclib-images|src/fabriclib/images/run_images_command.py	7	
file	fabriclib-images|src/fabriclib/images/running_image.py	8	
file	fabriclib-images|src/fabriclib/images/switch_image.py	9	
file	fabriclib-images|src/fabriclib/images/update_images.py	10	
file	fabriclib-images|src/fabriclib/images/verify_signature.py	13	
file	fabriclib-keycloak|src/fabriclib/keycloak/add_app_client.py	21	
file	fabriclib-keycloak|src/fabriclib/keycloak/admin_client.py	1	
file	fabriclib-keycloak|src/fabriclib/keycloak/app_client_id.py	22	
file	fabriclib-keycloak|src/fabriclib/keycloak/configure_keycloak.py	2	
file	fabriclib-keycloak|src/fabriclib/keycloak/create_person.py	3	0.5.0 / 2026-10-04
file	fabriclib-keycloak|src/fabriclib/keycloak/ensure_adguard_client.py	4	
file	fabriclib-keycloak|src/fabriclib/keycloak/ensure_group_mapper.py	5	
file	fabriclib-keycloak|src/fabriclib/keycloak/ensure_ldap_federation.py	6	
file	fabriclib-keycloak|src/fabriclib/keycloak/ensure_mfa_flow.py	7	0.6.0 / 2026-10-07
file	fabriclib-keycloak|src/fabriclib/keycloak/ensure_openbao_client.py	8	
file	fabriclib-keycloak|src/fabriclib/keycloak/ensure_rbac_roles.py	9	
file	fabriclib-keycloak|src/fabriclib/keycloak/ensure_realm.py	10	
file	fabriclib-keycloak|src/fabriclib/keycloak/ensure_signin_flows.py	26	
file	fabriclib-keycloak|src/fabriclib/keycloak/ensure_webui_client.py	11	
file	fabriclib-keycloak|src/fabriclib/keycloak/fabric_groups.py	12	
file	fabriclib-keycloak|src/fabriclib/keycloak/grant_role_to_group.py	13	
file	fabriclib-keycloak|src/fabriclib/keycloak/install_sso_keytab.py	27	
file	fabriclib-keycloak|src/fabriclib/keycloak/keycloak_admin.py	14	
file	fabriclib-keycloak|src/fabriclib/keycloak/list_app_clients.py	23	
file	fabriclib-keycloak|src/fabriclib/keycloak/quote.py	15	
file	fabriclib-keycloak|src/fabriclib/keycloak/remove_app_client.py	24	
file	fabriclib-keycloak|src/fabriclib/keycloak/require_password_change.py	16	0.5.0 / 2026-10-04
file	fabriclib-keycloak|src/fabriclib/keycloak/reset_sign_in.py	17	0.5.0 / 2026-10-04
file	fabriclib-keycloak|src/fabriclib/keycloak/run_sso_command.py	25	
file	fabriclib-keycloak|src/fabriclib/keycloak/signin_levels.py	28	
file	fabriclib-keycloak|src/fabriclib/keycloak/step.py	18	
file	fabriclib-keycloak|src/fabriclib/keycloak/user_has_role.py	19	
file	fabriclib-keycloak|src/fabriclib/keycloak/verify_user_token.py	20	
file	fabriclib-ldap|src/fabriclib/ldap/add_device.py	1	0.5.0 / 2026-10-04
file	fabriclib-ldap|src/fabriclib/ldap/add_role.py	2	0.5.0 / 2026-10-04
file	fabriclib-ldap|src/fabriclib/ldap/common/check_device_fields.py	3	0.5.0 / 2026-10-04
file	fabriclib-ldap|src/fabriclib/ldap/common/check_role_fields.py	4	0.5.0 / 2026-10-04
file	fabriclib-ldap|src/fabriclib/ldap/common/normalize_mac.py	5	0.5.0 / 2026-10-04
file	fabriclib-ldap|src/fabriclib/ldap/common/read_directory.py	6	0.5.0 / 2026-10-04
file	fabriclib-ldap|src/fabriclib/ldap/common/run_dirsrv.py	7	0.5.0 / 2026-10-04
file	fabriclib-ldap|src/fabriclib/ldap/device_overview.py	8	0.5.0 / 2026-10-04
file	fabriclib-ldap|src/fabriclib/ldap/ensure_admin_user.py	9	0.5.0 / 2026-10-04
file	fabriclib-ldap|src/fabriclib/ldap/ensure_default_device_roles.py	10	0.5.0 / 2026-10-04
file	fabriclib-ldap|src/fabriclib/ldap/ensure_posix_identities.py	11	0.5.0 / 2026-10-04
file	fabriclib-ldap|src/fabriclib/ldap/link_device_cert.py	12	0.5.0 / 2026-10-04
file	fabriclib-ldap|src/fabriclib/ldap/list_devices.py	13	0.5.0 / 2026-10-04
file	fabriclib-ldap|src/fabriclib/ldap/list_people.py	14	0.5.0 / 2026-10-04
file	fabriclib-ldap|src/fabriclib/ldap/list_roles.py	15	0.5.0 / 2026-10-04
file	fabriclib-ldap|src/fabriclib/ldap/migrate_local_suffix.py	16	0.5.0 / 2026-10-04
file	fabriclib-ldap|src/fabriclib/ldap/people_written_here.py	17	0.5.0 / 2026-10-04
file	fabriclib-ldap|src/fabriclib/ldap/remove_device.py	18	0.5.0 / 2026-10-04
file	fabriclib-ldap|src/fabriclib/ldap/remove_role.py	19	0.5.0 / 2026-10-04
file	fabriclib-ldap|src/fabriclib/ldap/require_device.py	20	0.5.0 / 2026-10-04
file	fabriclib-ldap|src/fabriclib/ldap/run_directory_command.py	21	0.5.0 / 2026-10-04
file	fabriclib-ldap|src/fabriclib/ldap/seed_directory.py	22	0.5.0 / 2026-10-04
file	fabriclib-ldap|src/fabriclib/ldap/update_device.py	23	0.5.0 / 2026-10-04
file	fabriclib-ldap|src/fabriclib/ldap/update_role.py	24	0.5.0 / 2026-10-04
file	fabriclib-logs|src/fabriclib/logs/deploy_fluentbit.py	1	
file	fabriclib-logs|src/fabriclib/logs/log_status.py	2	
file	fabriclib-logs|src/fabriclib/logs/run_logs_command.py	3	
file	fabriclib-menu|src/fabriclib/menu/apply_and_report.py	1	
file	fabriclib-menu|src/fabriclib/menu/edit_category.py	2	
file	fabriclib-menu|src/fabriclib/menu/edit_complex_variable.py	3	
file	fabriclib-menu|src/fabriclib/menu/edit_dns.py	4	
file	fabriclib-menu|src/fabriclib/menu/edit_dns_zone.py	5	
file	fabriclib-menu|src/fabriclib/menu/edit_links.py	6	
file	fabriclib-menu|src/fabriclib/menu/edit_list_of_dicts.py	7	
file	fabriclib-menu|src/fabriclib/menu/mint_certificate_menu.py	8	
file	fabriclib-menu|src/fabriclib/menu/parse_value.py	9	
file	fabriclib-menu|src/fabriclib/menu/print_vars.py	10	
file	fabriclib-menu|src/fabriclib/menu/run_vars_menu.py	11	
file	fabriclib-menu|src/fabriclib/menu/save_menu_change.py	12	
file	fabriclib-ntp|src/fabriclib/ntp/chrony_settings.py	1	
file	fabriclib-ntp|src/fabriclib/ntp/deploy_chrony.py	2	
file	fabriclib-ntp|src/fabriclib/ntp/normalize_ntp.py	3	
file	fabriclib-ntp|src/fabriclib/ntp/query_time.py	4	
file	fabriclib-ntp|src/fabriclib/ntp/time_status.py	5	
file	fabriclib-pki|src/fabriclib/pki/ca_summary.py	1	
file	fabriclib-pki|src/fabriclib/pki/common/artifacts_dir.py	2	
file	fabriclib-pki|src/fabriclib/pki/common/ca_chain_pem.py	3	
file	fabriclib-pki|src/fabriclib/pki/common/ca_files.py	4	
file	fabriclib-pki|src/fabriclib/pki/common/ca_parents_pem.py	5	
file	fabriclib-pki|src/fabriclib/pki/common/ca_path_len.py	6	
file	fabriclib-pki|src/fabriclib/pki/common/describe_cert.py	7	
file	fabriclib-pki|src/fabriclib/pki/common/openssl.py	8	
file	fabriclib-pki|src/fabriclib/pki/common/record_issued.py	9	
file	fabriclib-pki|src/fabriclib/pki/common/run_step.py	10	
file	fabriclib-pki|src/fabriclib/pki/common/safe_name.py	11	
file	fabriclib-pki|src/fabriclib/pki/common/to_pem.py	12	
file	fabriclib-pki|src/fabriclib/pki/common/valid_days.py	13	
file	fabriclib-pki|src/fabriclib/pki/common/valid_san.py	14	
file	fabriclib-pki|src/fabriclib/pki/convert_cert.py	15	
file	fabriclib-pki|src/fabriclib/pki/describe_csr.py	16	
file	fabriclib-pki|src/fabriclib/pki/export_p12.py	17	
file	fabriclib-pki|src/fabriclib/pki/hand_out_client_cert.py	18	
file	fabriclib-pki|src/fabriclib/pki/inspect_pem.py	19	
file	fabriclib-pki|src/fabriclib/pki/install_cert.py	20	
file	fabriclib-pki|src/fabriclib/pki/issue_client_cert.py	21	
file	fabriclib-pki|src/fabriclib/pki/issue_key_pair.py	22	
file	fabriclib-pki|src/fabriclib/pki/list_issued.py	23	
file	fabriclib-pki|src/fabriclib/pki/make_site_ca_request.py	24	
file	fabriclib-pki|src/fabriclib/pki/mint_cert.py	25	
file	fabriclib-pki|src/fabriclib/pki/mint_extra_cert.py	26	
file	fabriclib-pki|src/fabriclib/pki/mint_offline_cert.py	27	
file	fabriclib-pki|src/fabriclib/pki/needs_renewal.py	28	
file	fabriclib-pki|src/fabriclib/pki/publish_ca_certs.py	29	
file	fabriclib-pki|src/fabriclib/pki/replace_site_ca.py	30	
file	fabriclib-pki|src/fabriclib/pki/run_mint_certs_command.py	31	
file	fabriclib-pki|src/fabriclib/pki/run_service_cert_command.py	32	
file	fabriclib-pki|src/fabriclib/pki/sign_csr.py	33	
file	fabriclib-pki|src/fabriclib/pki/sign_site_ca.py	34	
file	fabriclib-pki|src/fabriclib/pki/stage_site_ca.py	35	
file	fabriclib-radius|src/fabriclib/radius/add_radius_client.py	1	
file	fabriclib-radius|src/fabriclib/radius/deploy_freeradius.py	2	
file	fabriclib-radius|src/fabriclib/radius/list_auth_log.py	3	
file	fabriclib-radius|src/fabriclib/radius/map_radius_group.py	4	
file	fabriclib-radius|src/fabriclib/radius/normalize_radius_clients.py	5	
file	fabriclib-radius|src/fabriclib/radius/normalize_radius_people.py	6	
file	fabriclib-radius|src/fabriclib/radius/radius_guides.py	7	
file	fabriclib-radius|src/fabriclib/radius/radius_overview.py	8	
file	fabriclib-radius|src/fabriclib/radius/remove_radius_client.py	9	
file	fabriclib-radius|src/fabriclib/radius/rotate_radius_secret.py	10	
file	fabriclib-radius|src/fabriclib/radius/run_radius_command.py	11	
file	fabriclib-radius|src/fabriclib/radius/unmap_radius_group.py	12	
file	fabriclib-radius|src/fabriclib/radius/windows_lan_profile.py	13	
file	fabriclib-radius|src/fabriclib/radius/windows_setup_script.py	14	
file	fabriclib-rbac|src/fabriclib/rbac/required_permission.py	1	
file	fabriclib-rbac|src/fabriclib/rbac/user_permissions.py	2	
file	fabriclib-samba|src/fabriclib/samba/check_password_policy.py	23	
file	fabriclib-samba|src/fabriclib/samba/clear_gpo_policy.py	11	
file	fabriclib-samba|src/fabriclib/samba/converge_domain.py	2	
file	fabriclib-samba|src/fabriclib/samba/deploy_samba.py	1	
file	fabriclib-samba|src/fabriclib/samba/domain_id_blocks.py	20	0.5.0 / 2026-10-05
file	fabriclib-samba|src/fabriclib/samba/domain_overview.py	12	
file	fabriclib-samba|src/fabriclib/samba/domain_sites.py	21	
file	fabriclib-samba|src/fabriclib/samba/domain_status.py	3	
file	fabriclib-samba|src/fabriclib/samba/finish_join.py	15	
file	fabriclib-samba|src/fabriclib/samba/gpo_overview.py	13	
file	fabriclib-samba|src/fabriclib/samba/gpo_request.py	9	
file	fabriclib-samba|src/fabriclib/samba/id_range.py	8	
file	fabriclib-samba|src/fabriclib/samba/list_conflicts.py	18	
file	fabriclib-samba|src/fabriclib/samba/prepare_site.py	16	
file	fabriclib-samba|src/fabriclib/samba/replication_status.py	19	
file	fabriclib-samba|src/fabriclib/samba/run_converge.py	17	
file	fabriclib-samba|src/fabriclib/samba/run_domain_command.py	4	
file	fabriclib-samba|src/fabriclib/samba/run_gpo_command.py	10	
file	fabriclib-samba|src/fabriclib/samba/set_domain_password_policy.py	5	
file	fabriclib-samba|src/fabriclib/samba/set_gpo_policy.py	14	
file	fabriclib-samba|src/fabriclib/samba/sso_spns.py	22	
file	fabriclib-samba|src/fabriclib/samba/suggested_ad_domain.py	7	
file	fabriclib-samba|src/fabriclib/samba/write_bind_dlz.py	6	
file	fabriclib-secrets|src/fabriclib/secrets/common/read_vault_secrets.py	1	
file	fabriclib-secrets|src/fabriclib/secrets/common/write_vault_secrets.py	2	
file	fabriclib-secrets|src/fabriclib/secrets/export_secrets.py	3	
file	fabriclib-secrets|src/fabriclib/secrets/import_secrets.py	4	
file	fabriclib-secrets|src/fabriclib/secrets/load_secrets.py	5	
file	fabriclib-secrets|src/fabriclib/secrets/random_password.py	10	
file	fabriclib-secrets|src/fabriclib/secrets/random_secret.py	6	
file	fabriclib-secrets|src/fabriclib/secrets/run_secrets_command.py	7	
file	fabriclib-secrets|src/fabriclib/secrets/save_secrets.py	8	
file	fabriclib-secrets|src/fabriclib/secrets/secrets_in_openbao.py	9	
file	fabriclib-security|src/fabriclib/security/apply_docker_firewall.py	1	
file	fabriclib-security|src/fabriclib/security/apply_signin.py	6	
file	fabriclib-security|src/fabriclib/security/check_signin_lowering.py	10	
file	fabriclib-security|src/fabriclib/security/firewall_rules.py	2	
file	fabriclib-security|src/fabriclib/security/hardened_daemon_settings.py	3	
file	fabriclib-security|src/fabriclib/security/run_security_command.py	7	
file	fabriclib-security|src/fabriclib/security/set_signin_layer.py	8	
file	fabriclib-security|src/fabriclib/security/signin_layers.py	9	
file	fabriclib-security|src/fabriclib/security/ssh_ports.py	5	
file	fabriclib-security|src/fabriclib/security/ufw_rule.py	4	
file	fabriclib-setup|src/fabriclib/setup/ask_ad_domain.py	39	
file	fabriclib-setup|src/fabriclib/setup/ask_ram.py	40	
file	fabriclib-setup|src/fabriclib/setup/ask_windows_domain.py	38	0.5.0 / 2026-10-04
file	fabriclib-setup|src/fabriclib/setup/backup_install.py	1	
file	fabriclib-setup|src/fabriclib/setup/check_export_dir.py	2	
file	fabriclib-setup|src/fabriclib/setup/choose_plan.py	3	
file	fabriclib-setup|src/fabriclib/setup/collect_vars.py	4	
file	fabriclib-setup|src/fabriclib/setup/common/docker_ready.py	5	
file	fabriclib-setup|src/fabriclib/setup/common/missing_packages.py	6	
file	fabriclib-setup|src/fabriclib/setup/common/service_account_name.py	7	
file	fabriclib-setup|src/fabriclib/setup/condition_host.py	8	
file	fabriclib-setup|src/fabriclib/setup/configure_firewall.py	9	
file	fabriclib-setup|src/fabriclib/setup/configure_network.py	10	
file	fabriclib-setup|src/fabriclib/setup/context.py	11	
file	fabriclib-setup|src/fabriclib/setup/create_accounts.py	12	
file	fabriclib-setup|src/fabriclib/setup/create_admin.py	13	
file	fabriclib-setup|src/fabriclib/setup/deploy_config.py	14	
file	fabriclib-setup|src/fabriclib/setup/detect_network.py	15	
file	fabriclib-setup|src/fabriclib/setup/export_install.py	16	
file	fabriclib-setup|src/fabriclib/setup/harden_docker.py	17	
file	fabriclib-setup|src/fabriclib/setup/init_pki.py	18	
file	fabriclib-setup|src/fabriclib/setup/join_federation.py	19	
file	fabriclib-setup|src/fabriclib/setup/mint_extra_certs.py	20	
file	fabriclib-setup|src/fabriclib/setup/mint_service_certs.py	21	
file	fabriclib-setup|src/fabriclib/setup/preflight.py	22	
file	fabriclib-setup|src/fabriclib/setup/read_join_invitation.py	23	
file	fabriclib-setup|src/fabriclib/setup/renew_service_certs.py	24	
file	fabriclib-setup|src/fabriclib/setup/restore_install.py	25	
file	fabriclib-setup|src/fabriclib/setup/retire_renamed_units.py	26	
file	fabriclib-setup|src/fabriclib/setup/run_restore_command.py	27	
file	fabriclib-setup|src/fabriclib/setup/run_setup.py	28	
file	fabriclib-setup|src/fabriclib/setup/run_uninstall_command.py	29	
file	fabriclib-setup|src/fabriclib/setup/setup_openbao.py	30	
file	fabriclib-setup|src/fabriclib/setup/stage_source.py	31	
file	fabriclib-setup|src/fabriclib/setup/start_bootstrap.py	32	
file	fabriclib-setup|src/fabriclib/setup/start_services.py	33	
file	fabriclib-setup|src/fabriclib/setup/start_unit.py	34	
file	fabriclib-setup|src/fabriclib/setup/uninstall.py	35	
file	fabriclib-setup|src/fabriclib/setup/upgrade_vars.py	36	
file	fabriclib-setup|src/fabriclib/setup/verify_install.py	37	
file	fabriclib-system|src/fabriclib/system/apply_changes.py	1	
file	fabriclib-system|src/fabriclib/system/control_stack.py	2	
file	fabriclib-system|src/fabriclib/system/host_ram_gb.py	8	
file	fabriclib-system|src/fabriclib/system/relaxed_settings.py	6	
file	fabriclib-system|src/fabriclib/system/render_template_file.py	3	
file	fabriclib-system|src/fabriclib/system/service_status.py	4	
file	fabriclib-system|src/fabriclib/system/show_relaxed_settings.py	7	
file	fabriclib-system|src/fabriclib/system/version_info.py	5	
file	fabriclib-undo|src/fabriclib/undo/undo_firewall.py	1	
file	fabriclib-undo|src/fabriclib/undo/undo_group.py	2	
file	fabriclib-undo|src/fabriclib/undo/undo_resolver.py	3	
file	fabriclib-undo|src/fabriclib/undo/undo_runtime.py	4	
file	fabriclib-undo|src/fabriclib/undo/undo_time.py	5	
file	fabriclib-undo|src/fabriclib/undo/undo_trust.py	6	
file	fabriclib-undo|src/fabriclib/undo/uninstall_plan.py	7	
file	fabriclib-vault|src/fabriclib/vault/add_kmip_slot.py	1	
file	fabriclib-vault|src/fabriclib/vault/add_security_key_slot.py	2	
file	fabriclib-vault|src/fabriclib/vault/add_usb_slot.py	3	
file	fabriclib-vault|src/fabriclib/vault/common/approle_login.py	4	
file	fabriclib-vault|src/fabriclib/vault/common/bao_request.py	5	
file	fabriclib-vault|src/fabriclib/vault/common/block_device.py	6	
file	fabriclib-vault|src/fabriclib/vault/common/find_token.py	7	
file	fabriclib-vault|src/fabriclib/vault/common/key_check_value.py	8	
file	fabriclib-vault|src/fabriclib/vault/common/kmip_session.py	9	
file	fabriclib-vault|src/fabriclib/vault/common/load_pkcs11.py	10	
file	fabriclib-vault|src/fabriclib/vault/common/mounted_stick.py	11	
file	fabriclib-vault|src/fabriclib/vault/common/obtain_key.py	12	
file	fabriclib-vault|src/fabriclib/vault/common/pkcs11_modules.py	13	
file	fabriclib-vault|src/fabriclib/vault/common/pkcs11_session.py	14	
file	fabriclib-vault|src/fabriclib/vault/common/read_slot_store.py	15	
file	fabriclib-vault|src/fabriclib/vault/common/slot_store_mac.py	16	
file	fabriclib-vault|src/fabriclib/vault/common/slot_type.py	17	
file	fabriclib-vault|src/fabriclib/vault/common/wait_active.py	18	
file	fabriclib-vault|src/fabriclib/vault/common/write_private_file.py	19	
file	fabriclib-vault|src/fabriclib/vault/common/write_seal_config.py	20	
file	fabriclib-vault|src/fabriclib/vault/common/write_slot_store.py	21	
file	fabriclib-vault|src/fabriclib/vault/configure_oidc.py	22	
file	fabriclib-vault|src/fabriclib/vault/configure_openbao.py	23	
file	fabriclib-vault|src/fabriclib/vault/detect_devices.py	24	
file	fabriclib-vault|src/fabriclib/vault/ensure_vault_key.py	25	
file	fabriclib-vault|src/fabriclib/vault/generate_root_token.py	26	
file	fabriclib-vault|src/fabriclib/vault/init_openbao.py	27	
file	fabriclib-vault|src/fabriclib/vault/list_pkcs11_tokens.py	28	
file	fabriclib-vault|src/fabriclib/vault/list_slots.py	29	
file	fabriclib-vault|src/fabriclib/vault/remove_slot.py	30	
file	fabriclib-vault|src/fabriclib/vault/revoke_token.py	31	
file	fabriclib-vault|src/fabriclib/vault/rotate_vault_key.py	32	
file	fabriclib-vault|src/fabriclib/vault/run_vault_command.py	33	
file	fabriclib-vault|src/fabriclib/vault/slots/kmip.py	34	
file	fabriclib-vault|src/fabriclib/vault/slots/local.py	35	
file	fabriclib-vault|src/fabriclib/vault/slots/pkcs11.py	36	
file	fabriclib-vault|src/fabriclib/vault/slots/usb.py	37	
file	fabriclib-vault|src/fabriclib/vault/test_slot.py	38	
file	fabriclib-vault|src/fabriclib/vault/unlock_vault.py	39	
file	fabriclib-vault|src/fabriclib/vault/vault_device_event.py	40	
file	fabriclib-vault|src/fabriclib/vault/vault_status.py	41	
file	fabriclib-vault|src/fabriclib/vault/wipe_runtime_keys.py	42	
file	fabriclib-vault|src/fabriclib/vault/write_device_rules.py	43	
file	installers|packaging/deb/assemble-tree.sh	1	
file	webui|src/ux/web/devserver.py	70	
file	webui|src/ux/web/server.py	95	
file	webui|src/webui/agentclient/add_client_class.py	1	
file	webui|src/webui/agentclient/add_machine.py	124	
file	webui|src/webui/agentclient/add_radius_client.py	2	
file	webui|src/webui/agentclient/add_record.py	3	
file	webui|src/webui/agentclient/add_reservation.py	4	
file	webui|src/webui/agentclient/add_subnet.py	5	
file	webui|src/webui/agentclient/apply_changes.py	6	
file	webui|src/webui/agentclient/audit.py	7	
file	webui|src/webui/agentclient/ca_summary.py	8	
file	webui|src/webui/agentclient/connection.py	9	
file	webui|src/webui/agentclient/convert_cert.py	10	
file	webui|src/webui/agentclient/create_person.py	11	
file	webui|src/webui/agentclient/create_tsig_key.py	12	
file	webui|src/webui/agentclient/delete_device.py	13	
file	webui|src/webui/agentclient/delete_record.py	14	
file	webui|src/webui/agentclient/delete_role.py	15	
file	webui|src/webui/agentclient/delete_tsig_key.py	16	
file	webui|src/webui/agentclient/describe_csr.py	17	
file	webui|src/webui/agentclient/device_overview.py	18	
file	webui|src/webui/agentclient/dhcp_overview.py	19	
file	webui|src/webui/agentclient/domain_overview.py	125	
file	webui|src/webui/agentclient/federation_overview.py	130	
file	webui|src/webui/agentclient/gpo_change.py	126	
file	webui|src/webui/agentclient/gpo_overview.py	127	
file	webui|src/webui/agentclient/host_changes.py	20	
file	webui|src/webui/agentclient/inspect_pem.py	21	
file	webui|src/webui/agentclient/issue_key_pair.py	22	
file	webui|src/webui/agentclient/link_device_cert.py	23	
file	webui|src/webui/agentclient/list_issued.py	24	
file	webui|src/webui/agentclient/list_people.py	25	
file	webui|src/webui/agentclient/list_tsig_keys.py	26	
file	webui|src/webui/agentclient/list_zones.py	27	
file	webui|src/webui/agentclient/machine_action.py	128	
file	webui|src/webui/agentclient/map_radius_group.py	28	
file	webui|src/webui/agentclient/quote_segment.py	29	
file	webui|src/webui/agentclient/radius_guides.py	30	
file	webui|src/webui/agentclient/radius_overview.py	31	
file	webui|src/webui/agentclient/raise_signin_layer.py	132	
file	webui|src/webui/agentclient/read_audit.py	32	
file	webui|src/webui/agentclient/relaxed_settings.py	120	
file	webui|src/webui/agentclient/remove_client_class.py	33	
file	webui|src/webui/agentclient/remove_radius_client.py	34	
file	webui|src/webui/agentclient/remove_reservation.py	35	
file	webui|src/webui/agentclient/remove_subnet.py	36	
file	webui|src/webui/agentclient/reset_sign_in.py	37	
file	webui|src/webui/agentclient/reverse_zones.py	38	
file	webui|src/webui/agentclient/rotate_radius_secret.py	39	
file	webui|src/webui/agentclient/rotate_tsig_key.py	40	
file	webui|src/webui/agentclient/save_device.py	41	
file	webui|src/webui/agentclient/save_role.py	42	
file	webui|src/webui/agentclient/security_layers.py	133	
file	webui|src/webui/agentclient/service_status.py	43	
file	webui|src/webui/agentclient/set_option.py	44	
file	webui|src/webui/agentclient/sign_csr.py	45	
file	webui|src/webui/agentclient/unmap_radius_group.py	46	
file	webui|src/webui/agentclient/unset_option.py	47	
file	webui|src/webui/agentclient/update_subnet.py	48	
file	webui|src/webui/agentclient/vault_add_kmip.py	49	
file	webui|src/webui/agentclient/vault_add_security_key.py	50	
file	webui|src/webui/agentclient/vault_add_usb.py	51	
file	webui|src/webui/agentclient/vault_devices.py	52	
file	webui|src/webui/agentclient/vault_rotate.py	53	
file	webui|src/webui/agentclient/vault_slot_action.py	54	
file	webui|src/webui/agentclient/vault_slots.py	55	
file	webui|src/webui/agentclient/vault_status.py	56	
file	webui|src/webui/agentclient/version_info.py	57	
file	webui|src/webui/agentclient/zone_detail.py	58	
file	webui|src/webui/app_state.py	59	
file	webui|src/webui/devpreview/dev_get_page.py	60	
file	webui|src/webui/devpreview/dev_handler.py	61	
file	webui|src/webui/devpreview/dev_post_action.py	62	
file	webui|src/webui/devpreview/dev_post_dhcp.py	63	
file	webui|src/webui/devpreview/dev_post_directory.py	64	
file	webui|src/webui/devpreview/dev_post_dns.py	65	
file	webui|src/webui/devpreview/dev_post_network.py	66	
file	webui|src/webui/devpreview/dev_state.py	67	
file	webui|src/webui/devpreview/sample_radius_guides.py	68	
file	webui|src/webui/devpreview/sample_result.py	69	
file	webui|src/webui/handler.py	71	
file	webui|src/webui/httpio/cookie_header.py	72	
file	webui|src/webui/httpio/read_cookie.py	73	
file	webui|src/webui/httpio/read_form.py	74	
file	webui|src/webui/httpio/upload_value.py	75	
file	webui|src/webui/oidc.py	76	
file	webui|src/webui/routes/bind9_page.py	77	
file	webui|src/webui/routes/directory_page.py	121	
file	webui|src/webui/routes/directory_post.py	122	
file	webui|src/webui/routes/dirsrv_page.py	78	0.5.0 / 2026-10-05
file	webui|src/webui/routes/dirsrv_post.py	79	0.5.0 / 2026-10-05
file	webui|src/webui/routes/get_page.py	80	
file	webui|src/webui/routes/kea_post.py	81	
file	webui|src/webui/routes/openbao_page.py	82	
file	webui|src/webui/routes/post_action.py	83	
file	webui|src/webui/routes/radius_post.py	84	
file	webui|src/webui/routes/saved_and_applied.py	85	
file	webui|src/webui/routes/security_post.py	134	
file	webui|src/webui/routes/stepca_page.py	86	
file	webui|src/webui/routes/stepca_post.py	87	
file	webui|src/webui/routes/tsig_post.py	88	
file	webui|src/webui/routes/vault_post.py	89	
file	webui|src/webui/routes/zone_post.py	90	
file	webui|src/webui/security/cert_subject_rfc2253.py	91	
file	webui|src/webui/security/parse_dn.py	92	
file	webui|src/webui/security/token_perms.py	93	
file	webui|src/webui/security/verified_client_cert.py	94	
file	webui|src/webui/session/find_session.py	96	
file	webui|src/webui/session/finish_login.py	97	
file	webui|src/webui/session/page_context.py	98	
file	webui|src/webui/session/renew_session.py	99	
file	webui|src/webui/session/start_login.py	100	
file	webui|src/webui/tlsclient.py	101	
file	webui|src/webui/views/apply_result.py	102	
file	webui|src/webui/views/audit.py	103	
file	webui|src/webui/views/b64.py	104	
file	webui|src/webui/views/bind9.py	105	
file	webui|src/webui/views/continue_page.py	106	
file	webui|src/webui/views/css.py	107	
file	webui|src/webui/views/directory.py	123	
file	webui|src/webui/views/dirsrv.py	108	0.5.0 / 2026-10-05
file	webui|src/webui/views/error_page.py	109	
file	webui|src/webui/views/federation.py	131	
file	webui|src/webui/views/freeradius.py	110	
file	webui|src/webui/views/kea.py	111	
file	webui|src/webui/views/machine_result.py	129	
file	webui|src/webui/views/openbao.py	112	
file	webui|src/webui/views/overview.py	113	
file	webui|src/webui/views/person_result.py	114	
file	webui|src/webui/views/pki_result.py	115	
file	webui|src/webui/views/radius_secret.py	116	
file	webui|src/webui/views/render_page.py	117	
file	webui|src/webui/views/security.py	135	
file	webui|src/webui/views/stepca.py	118	
file	webui|src/webui/views/tsig_result.py	119	
function	fabricctl-agent|src/agent/get_route.py|get_route	1	
function	fabricctl-agent|src/agent/handler.py|Handler.actor	7	
function	fabricctl-agent|src/agent/handler.py|Handler.address_string	1	
function	fabricctl-agent|src/agent/handler.py|Handler.authorize	5	
function	fabricctl-agent|src/agent/handler.py|Handler.body	6	
function	fabricctl-agent|src/agent/handler.py|Handler.dispatch	10	
function	fabricctl-agent|src/agent/handler.py|Handler.do_GET	8	
function	fabricctl-agent|src/agent/handler.py|Handler.do_POST	9	
function	fabricctl-agent|src/agent/handler.py|Handler.log_message	2	
function	fabricctl-agent|src/agent/handler.py|Handler.peer_uid	4	
function	fabricctl-agent|src/agent/handler.py|Handler.reply	3	
function	fabricctl-agent|src/agent/post_dhcp.py|_vlan	1	
function	fabricctl-agent|src/agent/post_dhcp.py|_where	2	
function	fabricctl-agent|src/agent/post_dhcp.py|post_dhcp	3	
function	fabricctl-agent|src/agent/post_directory.py|post_directory	1	
function	fabricctl-agent|src/agent/post_dns.py|post_dns	1	
function	fabricctl-agent|src/agent/post_domain.py|post_domain	1	
function	fabricctl-agent|src/agent/post_network.py|post_network	1	
function	fabricctl-agent|src/agent/post_pki.py|post_pki	1	
function	fabricctl-agent|src/agent/post_route.py|post_route	1	
function	fabricctl-agent|src/agent/post_security.py|post_security	1	
function	fabricctl-agent|src/agent/post_vault.py|post_vault	1	
function	fabricctl-agent|src/agent/read_fields.py|read_fields	1	
function	fabricctl-agent|src/agent/read_strings.py|read_strings	1	
function	fabricctl-agent|src/agent/read_text.py|read_text	1	
function	fabricctl-agent|src/agent/server.py|main	1	
function	fabricctl-jinja|packaging/images/bake_env.py|bake_env	1	
function	fabricctl-jinja|packaging/images/dirsrv/dscontainer-launch.py|_signal	1	0.5.0 / 2026-10-04
function	fabricctl-jinja|packaging/images/samba/entrypoint.sh|clear_data	3	
function	fabricctl-jinja|packaging/images/samba/entrypoint.sh|set_global	2	
function	fabricctl-jinja|packaging/images/samba/entrypoint.sh|set_share	4	
function	fabricctl-jinja|packaging/images/samba/entrypoint.sh|show_log	1	
function	fabricctl-jinja|packaging/images/samba/set_password.py|set_password	1	
function	fabricctl-jinja|packaging/images/smoke-test.sh|label	2	
function	fabricctl-jinja|packaging/images/smoke-test.sh|report	1	
function	fabricctl-jinja|src/containers/dirsrv/seed.py|bind_dm	1	0.5.0 / 2026-10-04
function	fabricctl-jinja|src/containers/dirsrv/seed.py|current_values	3	0.5.0 / 2026-10-04
function	fabricctl-jinja|src/containers/dirsrv/seed.py|main	7	0.5.0 / 2026-10-04
function	fabricctl-jinja|src/containers/dirsrv/seed.py|norm	5	0.5.0 / 2026-10-04
function	fabricctl-jinja|src/containers/dirsrv/seed.py|oids	6	0.5.0 / 2026-10-04
function	fabricctl-jinja|src/containers/dirsrv/seed.py|parse_ldif	2	0.5.0 / 2026-10-04
function	fabricctl-jinja|src/containers/dirsrv/seed.py|password_ok	4	0.5.0 / 2026-10-04
function	fabricctl-jinja|src/containers/freeradius/check_peap.py|check_peap	1	
function	fabricctl-jinja|src/containers/freeradius/check_person.py|check_person	1	
function	fabricctl-jinja|src/containers/freeradius/check_person.py|person_groups	2	0.5.0 / 2026-10-04
function	fabricctl-jinja|src/containers/freeradius/directory.py|connect	2	
function	fabricctl-jinja|src/containers/freeradius/directory.py|load_config	1	
function	fabricctl-jinja|src/containers/freeradius/directory.py|search	3	
function	fabricctl-jinja|src/containers/freeradius/directory.py|site_dn	4	
function	fabricctl-jinja|src/containers/freeradius/fabric_radius.py|_decide	3	
function	fabricctl-jinja|src/containers/freeradius/fabric_radius.py|_decide_peap	7	
function	fabricctl-jinja|src/containers/freeradius/fabric_radius.py|_decide_person	4	
function	fabricctl-jinja|src/containers/freeradius/fabric_radius.py|_log	1	
function	fabricctl-jinja|src/containers/freeradius/fabric_radius.py|_reply	2	
function	fabricctl-jinja|src/containers/freeradius/fabric_radius.py|authorize	6	
function	fabricctl-jinja|src/containers/freeradius/fabric_radius.py|instantiate	5	
function	fabricctl-jinja|src/containers/freeradius/fabric_radius.py|post_auth	8	
function	fabricctl-jinja|src/containers/freeradius/lookup_device.py|_vals	1	
function	fabricctl-jinja|src/containers/freeradius/lookup_device.py|lookup_device	2	
function	fabricctl-jinja|src/containers/freeradius/mappings.py|account_groups	1	
function	fabricctl-jinja|src/containers/freeradius/mappings.py|best_mapping	2	
function	fabricctl-jinja|src/containers/freeradius/normalize_mac.py|normalize_mac	1	
function	fabricctl-jinja|src/containers/freeradius/record_fingerprint.py|_tlv	1	
function	fabricctl-jinja|src/containers/freeradius/record_fingerprint.py|main	3	
function	fabricctl-jinja|src/containers/freeradius/record_fingerprint.py|serial_of	2	
function	fabricctl-jinja|src/containers/samba/acl_entries.py|_same	2	
function	fabricctl-jinja|src/containers/samba/acl_entries.py|ensure_aces	3	
function	fabricctl-jinja|src/containers/samba/acl_entries.py|sid_of	1	
function	fabricctl-jinja|src/containers/samba/add_group_member.py|add_group_member	1	
function	fabricctl-jinja|src/containers/samba/admin_gpo.py|_name	1	
function	fabricctl-jinja|src/containers/samba/admin_gpo.py|_pack	3	
function	fabricctl-jinja|src/containers/samba/admin_gpo.py|admin_settings	2	
function	fabricctl-jinja|src/containers/samba/admin_gpo.py|ensure_gpo_admins	5	
function	fabricctl-jinja|src/containers/samba/admin_gpo.py|save_admin_settings	4	
function	fabricctl-jinja|src/containers/samba/admx_store.py|_child	4	
function	fabricctl-jinja|src/containers/samba/admx_store.py|_local	3	
function	fabricctl-jinja|src/containers/samba/admx_store.py|_value	5	
function	fabricctl-jinja|src/containers/samba/admx_store.py|read_policies	6	
function	fabricctl-jinja|src/containers/samba/admx_store.py|save_templates	2	
function	fabricctl-jinja|src/containers/samba/admx_store.py|store_dir	1	
function	fabricctl-jinja|src/containers/samba/alloc_id.py|alloc_id	1	
function	fabricctl-jinja|src/containers/samba/converge.py|_sid	1	0.5.0 / 2026-10-05
function	fabricctl-jinja|src/containers/samba/converge.py|converge	2	
function	fabricctl-jinja|src/containers/samba/create_machine.py|create_machine	1	
function	fabricctl-jinja|src/containers/samba/create_person.py|create_person	1	
function	fabricctl-jinja|src/containers/samba/directory_op.py|connect	1	
function	fabricctl-jinja|src/containers/samba/directory_op.py|run	2	
function	fabricctl-jinja|src/containers/samba/ensure_ad_site.py|ensure_ad_site	1	
function	fabricctl-jinja|src/containers/samba/ensure_gpo.py|_gpo	1	
function	fabricctl-jinja|src/containers/samba/ensure_gpo.py|ensure_gpo	2	
function	fabricctl-jinja|src/containers/samba/ensure_groups.py|_ensure	4	
function	fabricctl-jinja|src/containers/samba/ensure_groups.py|_ensure_group	1	0.5.0 / 2026-10-04
function	fabricctl-jinja|src/containers/samba/ensure_groups.py|_group	3	
function	fabricctl-jinja|src/containers/samba/ensure_groups.py|ensure_groups	2	
function	fabricctl-jinja|src/containers/samba/ensure_join_account.py|_filetime	1	
function	fabricctl-jinja|src/containers/samba/ensure_join_account.py|ensure_join_account	2	
function	fabricctl-jinja|src/containers/samba/ensure_layout.py|_ensure_ou	1	
function	fabricctl-jinja|src/containers/samba/ensure_layout.py|ensure_layout	2	
function	fabricctl-jinja|src/containers/samba/ensure_networks.py|ensure_networks	1	
function	fabricctl-jinja|src/containers/samba/ensure_schema.py|_cn	1	
function	fabricctl-jinja|src/containers/samba/ensure_schema.py|_present	2	
function	fabricctl-jinja|src/containers/samba/ensure_schema.py|ensure_schema	3	
function	fabricctl-jinja|src/containers/samba/ensure_service_accounts.py|_signs_in	1	
function	fabricctl-jinja|src/containers/samba/ensure_service_accounts.py|ensure_service_accounts	2	
function	fabricctl-jinja|src/containers/samba/ensure_site_acl.py|_has_ace	1	0.5.0 / 2026-10-05
function	fabricctl-jinja|src/containers/samba/ensure_site_acl.py|_sid	3	0.5.0 / 2026-10-05
function	fabricctl-jinja|src/containers/samba/ensure_site_acl.py|ensure_site_acl	2	
function	fabricctl-jinja|src/containers/samba/ensure_site_info.py|ensure_site_info	1	
function	fabricctl-jinja|src/containers/samba/ensure_site_link.py|ensure_site_link	1	
function	fabricctl-jinja|src/containers/samba/ensure_sso_account.py|_export	1	
function	fabricctl-jinja|src/containers/samba/ensure_sso_account.py|ensure_sso_account	2	
function	fabricctl-jinja|src/containers/samba/ensure_sudo_rule.py|_exists	2	
function	fabricctl-jinja|src/containers/samba/ensure_sudo_rule.py|ensure_sudo_rule	1	
function	fabricctl-jinja|src/containers/samba/find_machine.py|find_machine	1	
function	fabricctl-jinja|src/containers/samba/get_person.py|get_person	1	
function	fabricctl-jinja|src/containers/samba/gpo_tool.py|_policy	1	
function	fabricctl-jinja|src/containers/samba/gpo_tool.py|_without	2	
function	fabricctl-jinja|src/containers/samba/gpo_tool.py|run	3	
function	fabricctl-jinja|src/containers/samba/link_device_cert.py|link_device_cert	1	
function	fabricctl-jinja|src/containers/samba/list_machines.py|_when	1	
function	fabricctl-jinja|src/containers/samba/list_machines.py|list_machines	2	
function	fabricctl-jinja|src/containers/samba/list_people.py|_cn	1	
function	fabricctl-jinja|src/containers/samba/list_people.py|_site	2	
function	fabricctl-jinja|src/containers/samba/list_people.py|list_people	3	
function	fabricctl-jinja|src/containers/samba/logon_rights_policy.py|logon_rights_policy	1	
function	fabricctl-jinja|src/containers/samba/open_samdb.py|open_samdb	1	
function	fabricctl-jinja|src/containers/samba/paths.py|ancestors	5	
function	fabricctl-jinja|src/containers/samba/paths.py|devices_dn	2	
function	fabricctl-jinja|src/containers/samba/paths.py|forget	7	
function	fabricctl-jinja|src/containers/samba/paths.py|organisation_dn	4	
function	fabricctl-jinja|src/containers/samba/paths.py|relative	6	
function	fabricctl-jinja|src/containers/samba/paths.py|site_dn	1	
function	fabricctl-jinja|src/containers/samba/paths.py|sites_dn	3	
function	fabricctl-jinja|src/containers/samba/policy_entries.py|_element	2	
function	fabricctl-jinja|src/containers/samba/policy_entries.py|_write	1	
function	fabricctl-jinja|src/containers/samba/policy_entries.py|policy_entries	3	
function	fabricctl-jinja|src/containers/samba/policy_entries.py|policy_targets	4	
function	fabricctl-jinja|src/containers/samba/pull_sysvol.py|_owners	3	
function	fabricctl-jinja|src/containers/samba/pull_sysvol.py|_site_of	2	
function	fabricctl-jinja|src/containers/samba/pull_sysvol.py|_version	1	
function	fabricctl-jinja|src/containers/samba/pull_sysvol.py|_writable_dc	4	
function	fabricctl-jinja|src/containers/samba/pull_sysvol.py|pull_sysvol	5	
function	fabricctl-jinja|src/containers/samba/read_devices.py|_one	1	
function	fabricctl-jinja|src/containers/samba/read_devices.py|read_devices	2	
function	fabricctl-jinja|src/containers/samba/read_id_blocks.py|read_id_blocks	1	0.5.0 / 2026-10-05
function	fabricctl-jinja|src/containers/samba/read_networks.py|read_networks	1	
function	fabricctl-jinja|src/containers/samba/read_replication.py|_when	1	
function	fabricctl-jinja|src/containers/samba/read_replication.py|read_replication	2	
function	fabricctl-jinja|src/containers/samba/read_sites.py|read_sites	1	
function	fabricctl-jinja|src/containers/samba/remove_device.py|remove_device	1	
function	fabricctl-jinja|src/containers/samba/remove_machine.py|remove_machine	1	
function	fabricctl-jinja|src/containers/samba/remove_role.py|remove_role	1	
function	fabricctl-jinja|src/containers/samba/reset_password.py|reset_password	1	
function	fabricctl-jinja|src/containers/samba/root_ca_policy.py|root_ca_policy	1	
function	fabricctl-jinja|src/containers/samba/save_device.py|_owner_dn	1	
function	fabricctl-jinja|src/containers/samba/save_device.py|save_device	2	
function	fabricctl-jinja|src/containers/samba/save_role.py|save_role	1	
function	fabricctl-jinja|src/containers/samba/set_gpo_acl.py|set_gpo_acl	1	
function	fabricctl-jinja|src/containers/samba/set_machine.py|set_machine	1	
function	fabricctl-jinja|src/containers/samba/set_password_policy.py|_ticks	1	
function	fabricctl-jinja|src/containers/samba/set_password_policy.py|set_password_policy	2	
function	fabricctl-jinja|src/containers/samba/share_winbind.py|share_winbind	1	
function	fabricctl-jinja|src/containers/samba/site_info.py|site_info	1	
function	fabricctl-jinja|src/containers/samba/site_roles.py|role_group	1	
function	fabricctl-jinja|src/containers/samba/windows_baseline_policy.py|_entry	1	
function	fabricctl-jinja|src/containers/samba/windows_baseline_policy.py|windows_baseline_policy	2	
function	fabricctl-lib|src/federation/server.py|Handler.after_join	1	
function	fabricctl-lib|src/federation/server.py|Handler.client_ip	3	
function	fabricctl-lib|src/federation/server.py|Handler.do_GET	5	
function	fabricctl-lib|src/federation/server.py|Handler.do_POST	6	
function	fabricctl-lib|src/federation/server.py|Handler.log_message	2	
function	fabricctl-lib|src/federation/server.py|Handler.reply	4	
function	fabricctl-lib|src/federation/server.py|UnixServer.verify_request	7	
function	fabricctl-lib|src/federation/server.py|main	8	
function	fabricctl-lib|src/ux/cli/keycloak_bootstrap.py|main	1	
function	fabriclib-common|src/fabriclib/common/console.py|err	5	
function	fabriclib-common|src/fabriclib/common/console.py|heading	1	
function	fabriclib-common|src/fabriclib/common/console.py|info	2	
function	fabriclib-common|src/fabriclib/common/console.py|ok	3	
function	fabriclib-common|src/fabriclib/common/console.py|warn	4	
function	fabriclib-common|src/fabriclib/common/copy_if_changed.py|copy_if_changed	1	
function	fabriclib-common|src/fabriclib/common/copy_tree_with_perms.py|copy_tree_with_perms	1	
function	fabriclib-common|src/fabriclib/common/dns_query.py|dns_query	1	
function	fabriclib-common|src/fabriclib/common/ensure_dir.py|ensure_dir	1	
function	fabriclib-common|src/fabriclib/common/jinja_env.py|_RelativeEnvironment.join_path	1	
function	fabriclib-common|src/fabriclib/common/jinja_env.py|_bool	4	
function	fabriclib-common|src/fabriclib/common/jinja_env.py|_flatten	3	
function	fabriclib-common|src/fabriclib/common/jinja_env.py|_lookup	5	
function	fabriclib-common|src/fabriclib/common/jinja_env.py|_unique	2	
function	fabriclib-common|src/fabriclib/common/jinja_env.py|jinja_env	6	
function	fabriclib-common|src/fabriclib/common/keep_original.py|keep_original	1	
function	fabriclib-common|src/fabriclib/common/load_vars.py|load_vars	1	
function	fabriclib-common|src/fabriclib/common/lock_dir.py|lock_dir	1	
function	fabriclib-common|src/fabriclib/common/one_time_password.py|one_time_password	1	
function	fabriclib-common|src/fabriclib/common/read_audit.py|read_audit	1	
function	fabriclib-common|src/fabriclib/common/read_images_lock.py|read_images_lock	1	
function	fabriclib-common|src/fabriclib/common/read_packages_lock.py|read_packages_lock	1	
function	fabriclib-common|src/fabriclib/common/read_published_lock.py|read_published_lock	1	
function	fabriclib-common|src/fabriclib/common/restore_original.py|restore_original	1	
function	fabriclib-common|src/fabriclib/common/run.py|run	1	
function	fabriclib-common|src/fabriclib/common/save_vars.py|_empty_to_null	1	
function	fabriclib-common|src/fabriclib/common/save_vars.py|save_vars	2	
function	fabriclib-common|src/fabriclib/common/service_user.py|service_user	1	
function	fabriclib-common|src/fabriclib/common/set_tsig_secrets.py|set_tsig_secrets	1	
function	fabriclib-common|src/fabriclib/common/sudo_owner.py|sudo_owner	1	
function	fabriclib-common|src/fabriclib/common/vars_lock.py|vars_lock	1	
function	fabriclib-common|src/fabriclib/common/wait_healthy.py|wait_healthy	1	
function	fabriclib-common|src/fabriclib/common/write_audit.py|write_audit	1	
function	fabriclib-common|src/fabriclib/common/write_file_if_changed.py|write_file_if_changed	1	
function	fabriclib-consent|src/fabriclib/consent/allowed_to_change.py|allowed_to_change	1	
function	fabriclib-consent|src/fabriclib/consent/ask_consent.py|_ask	2	
function	fabriclib-consent|src/fabriclib/consent/ask_consent.py|_parse	1	
function	fabriclib-consent|src/fabriclib/consent/ask_consent.py|ask_consent	3	
function	fabriclib-consent|src/fabriclib/consent/check_consent.py|check_consent	1	
function	fabriclib-consent|src/fabriclib/consent/common/consent_file.py|consent_file	1	
function	fabriclib-consent|src/fabriclib/consent/consent_status.py|consent_status	1	
function	fabriclib-consent|src/fabriclib/consent/load_consent.py|load_consent	1	
function	fabriclib-consent|src/fabriclib/consent/plan_accounts.py|_fabric_dirs	5	
function	fabriclib-consent|src/fabriclib/consent/plan_accounts.py|_gid_owner	2	
function	fabriclib-consent|src/fabriclib/consent/plan_accounts.py|_group_gid	4	
function	fabriclib-consent|src/fabriclib/consent/plan_accounts.py|_uid_owner	1	
function	fabriclib-consent|src/fabriclib/consent/plan_accounts.py|_user_uid	3	
function	fabriclib-consent|src/fabriclib/consent/plan_accounts.py|plan_accounts	6	
function	fabriclib-consent|src/fabriclib/consent/plan_firewall.py|plan_firewall	1	
function	fabriclib-consent|src/fabriclib/consent/plan_host_changes.py|plan_host_changes	1	
function	fabriclib-consent|src/fabriclib/consent/plan_packages.py|plan_packages	1	
function	fabriclib-consent|src/fabriclib/consent/plan_resolver.py|plan_resolver	1	
function	fabriclib-consent|src/fabriclib/consent/plan_runtime.py|plan_runtime	1	
function	fabriclib-consent|src/fabriclib/consent/plan_services.py|plan_services	1	
function	fabriclib-consent|src/fabriclib/consent/plan_time.py|plan_time	1	
function	fabriclib-consent|src/fabriclib/consent/plan_trust.py|plan_trust	1	
function	fabriclib-consent|src/fabriclib/consent/planned_vars.py|planned_vars	1	
function	fabriclib-consent|src/fabriclib/consent/save_consent.py|save_consent	1	
function	fabriclib-consent|src/fabriclib/consent/show_consent_status.py|show_consent_status	1	
function	fabriclib-core|src/fabriclib/cli.py|_base	1	
function	fabriclib-core|src/fabriclib/cli.py|_confirm	2	
function	fabriclib-core|src/fabriclib/cli.py|_flags	4	
function	fabriclib-core|src/fabriclib/cli.py|_version	3	
function	fabriclib-core|src/fabriclib/cli.py|main	5	
function	fabriclib-deploy|src/fabriclib/deploy/apply_deployment.py|_deploy	2	
function	fabriclib-deploy|src/fabriclib/deploy/apply_deployment.py|_prepare	1	
function	fabriclib-deploy|src/fabriclib/deploy/apply_deployment.py|apply_deployment	3	
function	fabriclib-deploy|src/fabriclib/deploy/archive_vars.py|archive_vars	1	
function	fabriclib-deploy|src/fabriclib/deploy/check_fixed_identity.py|check_fixed_identity	1	
function	fabriclib-deploy|src/fabriclib/deploy/check_samba_settings.py|check_samba_settings	1	
function	fabriclib-deploy|src/fabriclib/deploy/check_settings.py|check_settings	1	
function	fabriclib-deploy|src/fabriclib/deploy/compose_builds.py|compose_builds	1	
function	fabriclib-deploy|src/fabriclib/deploy/deploy_optional_parts.py|deploy_optional_parts	1	
function	fabriclib-deploy|src/fabriclib/deploy/deploy_paths.py|deploy_paths	1	
function	fabriclib-deploy|src/fabriclib/deploy/finish_without_start.py|finish_without_start	1	
function	fabriclib-deploy|src/fabriclib/deploy/generate_missing_secrets.py|generate_missing_secrets	1	
function	fabriclib-deploy|src/fabriclib/deploy/install_bind9_files.py|install_bind9_files	1	
function	fabriclib-deploy|src/fabriclib/deploy/install_directory_sync_timer.py|install_directory_sync_timer	1	0.5.0 / 2026-10-04
function	fabriclib-deploy|src/fabriclib/deploy/install_dirsrv_seed.py|install_dirsrv_seed	1	0.5.0 / 2026-10-04
function	fabriclib-deploy|src/fabriclib/deploy/install_fabric_tree.py|install_fabric_tree	1	
function	fabriclib-deploy|src/fabriclib/deploy/install_nginx_config.py|install_nginx_config	1	
function	fabriclib-deploy|src/fabriclib/deploy/install_openbao_config.py|install_openbao_config	1	
function	fabriclib-deploy|src/fabriclib/deploy/install_runtime_dirs.py|install_runtime_dirs	1	
function	fabriclib-deploy|src/fabriclib/deploy/install_service_units.py|_present	2	
function	fabriclib-deploy|src/fabriclib/deploy/install_service_units.py|install_service_units	1	
function	fabriclib-deploy|src/fabriclib/deploy/install_stepca_templates.py|install_stepca_templates	1	
function	fabriclib-deploy|src/fabriclib/deploy/install_webui_files.py|install_webui_files	1	
function	fabriclib-deploy|src/fabriclib/deploy/load_link_vars.py|load_link_vars	1	
function	fabriclib-deploy|src/fabriclib/deploy/merge_radius_clients.py|merge_radius_clients	1	
function	fabriclib-deploy|src/fabriclib/deploy/merge_tsig_keys.py|merge_tsig_keys	1	
function	fabriclib-deploy|src/fabriclib/deploy/render_templates.py|_render	1	
function	fabriclib-deploy|src/fabriclib/deploy/render_templates.py|render_templates	2	
function	fabriclib-deploy|src/fabriclib/deploy/render_vars.py|_host_ram_gb	2	0.5.0 / 2026-10-06
function	fabriclib-deploy|src/fabriclib/deploy/render_vars.py|render_vars	1	
function	fabriclib-deploy|src/fabriclib/deploy/restart_changed.py|_enabled	2	
function	fabriclib-deploy|src/fabriclib/deploy/restart_changed.py|_quiet	1	
function	fabriclib-deploy|src/fabriclib/deploy/restart_changed.py|restart_changed	3	
function	fabriclib-deploy|src/fabriclib/deploy/service_units.py|service_units	1	
function	fabriclib-deploy|src/fabriclib/deploy/verify_published_images.py|verify_published_images	1	
function	fabriclib-dhcp|src/fabriclib/dhcp/add_client_class.py|add_client_class	1	
function	fabriclib-dhcp|src/fabriclib/dhcp/add_reservation.py|add_reservation	1	
function	fabriclib-dhcp|src/fabriclib/dhcp/add_subnet.py|add_subnet	1	
function	fabriclib-dhcp|src/fabriclib/dhcp/check_kea_config.py|check_kea_config	1	
function	fabriclib-dhcp|src/fabriclib/dhcp/common/edit_dhcp.py|_check_address_plan	1	
function	fabriclib-dhcp|src/fabriclib/dhcp/common/edit_dhcp.py|edit_dhcp	2	
function	fabriclib-dhcp|src/fabriclib/dhcp/common/find_subnet.py|find_subnet	1	
function	fabriclib-dhcp|src/fabriclib/dhcp/common/kea_image.py|kea_image	1	
function	fabriclib-dhcp|src/fabriclib/dhcp/common/option_target.py|option_target	1	
function	fabriclib-dhcp|src/fabriclib/dhcp/deploy_kea.py|deploy_kea	1	
function	fabriclib-dhcp|src/fabriclib/dhcp/dhcp_overview.py|dhcp_overview	1	
function	fabriclib-dhcp|src/fabriclib/dhcp/ensure_ddns_zone.py|ensure_ddns_zone	1	
function	fabriclib-dhcp|src/fabriclib/dhcp/kea_client_classes.py|kea_client_classes	1	
function	fabriclib-dhcp|src/fabriclib/dhcp/kea_command.py|kea_command	1	
function	fabriclib-dhcp|src/fabriclib/dhcp/kea_option_data.py|_key	1	
function	fabriclib-dhcp|src/fabriclib/dhcp/kea_option_data.py|kea_option_data	2	
function	fabriclib-dhcp|src/fabriclib/dhcp/kea_option_defs.py|kea_option_defs	1	
function	fabriclib-dhcp|src/fabriclib/dhcp/list_leases.py|list_leases	1	
function	fabriclib-dhcp|src/fabriclib/dhcp/normalize_client_classes.py|normalize_client_classes	1	
function	fabriclib-dhcp|src/fabriclib/dhcp/normalize_dhcp.py|_is_v4	2	
function	fabriclib-dhcp|src/fabriclib/dhcp/normalize_dhcp.py|_pool	1	
function	fabriclib-dhcp|src/fabriclib/dhcp/normalize_dhcp.py|_subnet_ids	3	
function	fabriclib-dhcp|src/fabriclib/dhcp/normalize_dhcp.py|normalize_dhcp	4	
function	fabriclib-dhcp|src/fabriclib/dhcp/normalize_option_defs.py|normalize_option_defs	1	
function	fabriclib-dhcp|src/fabriclib/dhcp/normalize_options.py|normalize_options	1	
function	fabriclib-dhcp|src/fabriclib/dhcp/remove_client_class.py|remove_client_class	1	
function	fabriclib-dhcp|src/fabriclib/dhcp/remove_reservation.py|remove_reservation	1	
function	fabriclib-dhcp|src/fabriclib/dhcp/remove_subnet.py|remove_subnet	1	
function	fabriclib-dhcp|src/fabriclib/dhcp/run_dhcp_command.py|_apply	1	
function	fabriclib-dhcp|src/fabriclib/dhcp/run_dhcp_command.py|_keep	5	
function	fabriclib-dhcp|src/fabriclib/dhcp/run_dhcp_command.py|_parse	2	
function	fabriclib-dhcp|src/fabriclib/dhcp/run_dhcp_command.py|_show	4	
function	fabriclib-dhcp|src/fabriclib/dhcp/run_dhcp_command.py|_vlan	3	
function	fabriclib-dhcp|src/fabriclib/dhcp/run_dhcp_command.py|run_dhcp_command	6	
function	fabriclib-dhcp|src/fabriclib/dhcp/set_option.py|set_option	1	
function	fabriclib-dhcp|src/fabriclib/dhcp/unset_option.py|unset_option	1	
function	fabriclib-dhcp|src/fabriclib/dhcp/update_subnet.py|update_subnet	1	
function	fabriclib-directory|src/fabriclib/directory/add_device.py|add_device	1	
function	fabriclib-directory|src/fabriclib/directory/add_machine.py|add_machine	1	
function	fabriclib-directory|src/fabriclib/directory/add_role.py|add_role	1	
function	fabriclib-directory|src/fabriclib/directory/common/check_device_fields.py|check_device_fields	1	
function	fabriclib-directory|src/fabriclib/directory/common/check_role_fields.py|check_role_fields	1	
function	fabriclib-directory|src/fabriclib/directory/common/normalize_mac.py|normalize_mac	1	
function	fabriclib-directory|src/fabriclib/directory/common/read_directory.py|read_directory	1	
function	fabriclib-directory|src/fabriclib/directory/create_person.py|create_person	1	
function	fabriclib-directory|src/fabriclib/directory/device_overview.py|device_overview	1	
function	fabriclib-directory|src/fabriclib/directory/ensure_admin.py|ensure_admin	1	
function	fabriclib-directory|src/fabriclib/directory/ensure_default_device_roles.py|ensure_default_device_roles	1	
function	fabriclib-directory|src/fabriclib/directory/link_device_cert.py|link_device_cert	1	
function	fabriclib-directory|src/fabriclib/directory/list_devices.py|list_devices	1	
function	fabriclib-directory|src/fabriclib/directory/list_machines.py|list_machines	1	
function	fabriclib-directory|src/fabriclib/directory/list_people.py|list_people	1	
function	fabriclib-directory|src/fabriclib/directory/list_roles.py|list_roles	1	
function	fabriclib-directory|src/fabriclib/directory/people_password.py|people_password	1	
function	fabriclib-directory|src/fabriclib/directory/remove_device.py|remove_device	1	
function	fabriclib-directory|src/fabriclib/directory/remove_machine.py|remove_machine	1	
function	fabriclib-directory|src/fabriclib/directory/remove_role.py|remove_role	1	
function	fabriclib-directory|src/fabriclib/directory/require_device.py|require_device	1	
function	fabriclib-directory|src/fabriclib/directory/reset_sign_in.py|reset_sign_in	1	
function	fabriclib-directory|src/fabriclib/directory/run_op.py|run_op	1	
function	fabriclib-directory|src/fabriclib/directory/set_machine_enabled.py|set_machine_enabled	1	
function	fabriclib-directory|src/fabriclib/directory/update_device.py|update_device	1	
function	fabriclib-directory|src/fabriclib/directory/update_role.py|update_role	1	
function	fabriclib-dns_filter|src/fabriclib/dns_filter/build_adguard_config.py|build_adguard_config	1	
function	fabriclib-dns_filter|src/fabriclib/dns_filter/deploy_adguard.py|_domains	1	
function	fabriclib-dns_filter|src/fabriclib/dns_filter/deploy_adguard.py|deploy_adguard	2	
function	fabriclib-dns|src/fabriclib/dns/add_acl_entries.py|_check_entry	1	
function	fabriclib-dns|src/fabriclib/dns/add_acl_entries.py|add_acl_entries	2	
function	fabriclib-dns|src/fabriclib/dns/add_record.py|add_record	1	
function	fabriclib-dns|src/fabriclib/dns/add_tsig_key.py|add_tsig_key	1	
function	fabriclib-dns|src/fabriclib/dns/builtin_acls.py|builtin_acls	1	
function	fabriclib-dns|src/fabriclib/dns/create_zone_tsig_key.py|create_zone_tsig_key	1	
function	fabriclib-dns|src/fabriclib/dns/find_changed_zones.py|find_changed_zones	1	
function	fabriclib-dns|src/fabriclib/dns/format_value.py|format_value	1	
function	fabriclib-dns|src/fabriclib/dns/install_zone_file.py|install_zone_file	1	
function	fabriclib-dns|src/fabriclib/dns/list_tsig_keys.py|_names	1	
function	fabriclib-dns|src/fabriclib/dns/list_tsig_keys.py|list_tsig_keys	2	
function	fabriclib-dns|src/fabriclib/dns/list_zones.py|list_zones	1	
function	fabriclib-dns|src/fabriclib/dns/normalize_acl_policies.py|normalize_acl_policies	1	
function	fabriclib-dns|src/fabriclib/dns/normalize_tsig_keys.py|normalize_tsig_keys	1	
function	fabriclib-dns|src/fabriclib/dns/ptr_for_ip.py|ptr_for_ip	1	
function	fabriclib-dns|src/fabriclib/dns/reload_zone.py|_served_serial	2	
function	fabriclib-dns|src/fabriclib/dns/reload_zone.py|file_serial	1	
function	fabriclib-dns|src/fabriclib/dns/reload_zone.py|reload_zone	3	
function	fabriclib-dns|src/fabriclib/dns/remove_acl_entries.py|remove_acl_entries	1	
function	fabriclib-dns|src/fabriclib/dns/remove_record.py|remove_record	1	
function	fabriclib-dns|src/fabriclib/dns/remove_tsig_key.py|remove_tsig_key	1	
function	fabriclib-dns|src/fabriclib/dns/replace_tsig_secret.py|replace_tsig_secret	1	
function	fabriclib-dns|src/fabriclib/dns/reverse_zones.py|reverse_zones	1	
function	fabriclib-dns|src/fabriclib/dns/rfc2136_settings.py|rfc2136_settings	1	
function	fabriclib-dns|src/fabriclib/dns/rndc.py|rndc	1	
function	fabriclib-dns|src/fabriclib/dns/rotate_tsig_key.py|rotate_tsig_key	1	
function	fabriclib-dns|src/fabriclib/dns/run_acl_command.py|_describe	1	
function	fabriclib-dns|src/fabriclib/dns/run_acl_command.py|run_acl_command	2	
function	fabriclib-dns|src/fabriclib/dns/run_tsig_command.py|_ini	3	
function	fabriclib-dns|src/fabriclib/dns/run_tsig_command.py|_secret	1	
function	fabriclib-dns|src/fabriclib/dns/run_tsig_command.py|_stored_key	2	
function	fabriclib-dns|src/fabriclib/dns/run_tsig_command.py|run_tsig_command	4	
function	fabriclib-dns|src/fabriclib/dns/set_acl_policy.py|set_acl_policy	1	
function	fabriclib-dns|src/fabriclib/dns/set_key_acls.py|_is_key_entry	1	
function	fabriclib-dns|src/fabriclib/dns/set_key_acls.py|set_key_acls	2	
function	fabriclib-dns|src/fabriclib/dns/sync_status.py|sync_status	1	
function	fabriclib-dns|src/fabriclib/dns/update_tsig_key.py|update_tsig_key	1	
function	fabriclib-dns|src/fabriclib/dns/validate_record.py|_host	2	
function	fabriclib-dns|src/fabriclib/dns/validate_record.py|_int	1	
function	fabriclib-dns|src/fabriclib/dns/validate_record.py|_link	4	
function	fabriclib-dns|src/fabriclib/dns/validate_record.py|validate_record	3	
function	fabriclib-dns|src/fabriclib/dns/zone_content_changed.py|zone_content_changed	1	
function	fabriclib-dns|src/fabriclib/dns/zone_detail.py|zone_detail	1	
function	fabriclib-dns|src/fabriclib/dns/zone_name.py|zone_name	1	
function	fabriclib-federation|src/fabriclib/federation/accept_join.py|_check_networks	2	
function	fabriclib-federation|src/fabriclib/federation/accept_join.py|_port	1	
function	fabriclib-federation|src/fabriclib/federation/accept_join.py|_prepare_domain	4	
function	fabriclib-federation|src/fabriclib/federation/accept_join.py|accept_join	3	
function	fabriclib-federation|src/fabriclib/federation/common/federation_lock.py|federation_lock	1	
function	fabriclib-federation|src/fabriclib/federation/common/fetch_pinned_root.py|fetch_pinned_root	1	
function	fabriclib-federation|src/fabriclib/federation/common/is_root_site.py|is_root_site	1	
function	fabriclib-federation|src/fabriclib/federation/common/load_registry.py|load_registry	1	
function	fabriclib-federation|src/fabriclib/federation/common/post_upstream.py|_PinnedConnection.__init__	1	
function	fabriclib-federation|src/fabriclib/federation/common/post_upstream.py|_PinnedConnection.connect	2	
function	fabriclib-federation|src/fabriclib/federation/common/post_upstream.py|post_upstream	3	
function	fabriclib-federation|src/fabriclib/federation/common/run_in_directory.py|run_in_directory	1	0.5.0 / 2026-10-04
function	fabriclib-federation|src/fabriclib/federation/common/save_registry.py|save_registry	1	
function	fabriclib-federation|src/fabriclib/federation/common/signing_capacity.py|signing_capacity	1	
function	fabriclib-federation|src/fabriclib/federation/common/site_name_problem.py|site_name_problem	1	
function	fabriclib-federation|src/fabriclib/federation/configure_agreement.py|configure_agreement	1	0.5.0 / 2026-10-04
function	fabriclib-federation|src/fabriclib/federation/configure_directory_links.py|configure_directory_links	1	0.5.0 / 2026-10-04
function	fabriclib-federation|src/fabriclib/federation/configure_replica.py|configure_replica	1	0.5.0 / 2026-10-04
function	fabriclib-federation|src/fabriclib/federation/create_invitation.py|_org_ous	1	
function	fabriclib-federation|src/fabriclib/federation/create_invitation.py|create_invitation	2	
function	fabriclib-federation|src/fabriclib/federation/decode_invitation.py|decode_invitation	1	
function	fabriclib-federation|src/fabriclib/federation/deploy_federation_endpoint.py|deploy_federation_endpoint	1	
function	fabriclib-federation|src/fabriclib/federation/directory_links.py|_account	1	0.5.0 / 2026-10-04
function	fabriclib-federation|src/fabriclib/federation/directory_links.py|directory_links	2	0.5.0 / 2026-10-04
function	fabriclib-federation|src/fabriclib/federation/dns_links.py|_link	1	
function	fabriclib-federation|src/fabriclib/federation/dns_links.py|dns_links	2	
function	fabriclib-federation|src/fabriclib/federation/drop_relay.py|drop_relay	1	
function	fabriclib-federation|src/fabriclib/federation/federation_overview.py|federation_overview	1	
function	fabriclib-federation|src/fabriclib/federation/federation_status.py|federation_status	1	
function	fabriclib-federation|src/fabriclib/federation/join_upstream.py|_vars	2	
function	fabriclib-federation|src/fabriclib/federation/join_upstream.py|join_upstream	1	
function	fabriclib-federation|src/fabriclib/federation/list_invitations.py|list_invitations	1	
function	fabriclib-federation|src/fabriclib/federation/network_conflicts.py|network_conflicts	1	
function	fabriclib-federation|src/fabriclib/federation/next_id_block.py|next_id_block	1	
function	fabriclib-federation|src/fabriclib/federation/publish_address_plan.py|publish_address_plan	1	0.5.0 / 2026-10-04
function	fabriclib-federation|src/fabriclib/federation/publish_site_networks.py|publish_site_networks	1	0.5.0 / 2026-10-04
function	fabriclib-federation|src/fabriclib/federation/read_address_plan.py|read_address_plan	1	
function	fabriclib-federation|src/fabriclib/federation/relay_join.py|relay_join	1	
function	fabriclib-federation|src/fabriclib/federation/remove_site.py|remove_site	1	
function	fabriclib-federation|src/fabriclib/federation/reparent_site.py|reparent_site	1	
function	fabriclib-federation|src/fabriclib/federation/revoke_invitation.py|revoke_invitation	1	
function	fabriclib-federation|src/fabriclib/federation/run_federation_command.py|_when	1	
function	fabriclib-federation|src/fabriclib/federation/run_federation_command.py|run_federation_command	2	
function	fabriclib-federation|src/fabriclib/federation/set_federation_endpoint.py|set_federation_endpoint	1	
function	fabriclib-federation|src/fabriclib/federation/show_networks.py|show_networks	1	
function	fabriclib-federation|src/fabriclib/federation/site_networks.py|site_networks	1	
function	fabriclib-images|src/fabriclib/images/built_from.py|built_from	1	
function	fabriclib-images|src/fabriclib/images/effective_service.py|effective_service	1	
function	fabriclib-images|src/fabriclib/images/image_status.py|image_status	1	
function	fabriclib-images|src/fabriclib/images/installed_services.py|installed_services	1	
function	fabriclib-images|src/fabriclib/images/needs_rebuild.py|needs_rebuild	1	
function	fabriclib-images|src/fabriclib/images/prune_images.py|_repo	1	
function	fabriclib-images|src/fabriclib/images/prune_images.py|prune_images	2	
function	fabriclib-images|src/fabriclib/images/published_image.py|published_image	1	
function	fabriclib-images|src/fabriclib/images/rollback_image.py|rollback_image	1	
function	fabriclib-images|src/fabriclib/images/run_images_command.py|_prune	2	
function	fabriclib-images|src/fabriclib/images/run_images_command.py|_short	1	
function	fabriclib-images|src/fabriclib/images/run_images_command.py|run_images_command	3	
function	fabriclib-images|src/fabriclib/images/running_image.py|running_image	1	
function	fabriclib-images|src/fabriclib/images/switch_image.py|_apply	1	
function	fabriclib-images|src/fabriclib/images/switch_image.py|switch_image	2	
function	fabriclib-images|src/fabriclib/images/update_images.py|update_images	1	
function	fabriclib-images|src/fabriclib/images/verify_signature.py|_remembered	1	
function	fabriclib-images|src/fabriclib/images/verify_signature.py|verify_signature	2	
function	fabriclib-keycloak|src/fabriclib/keycloak/add_app_client.py|_redirects	1	
function	fabriclib-keycloak|src/fabriclib/keycloak/add_app_client.py|add_app_client	2	
function	fabriclib-keycloak|src/fabriclib/keycloak/admin_client.py|Admin.__init__	1	
function	fabriclib-keycloak|src/fabriclib/keycloak/admin_client.py|Admin._auth	2	
function	fabriclib-keycloak|src/fabriclib/keycloak/admin_client.py|Admin.call	3	
function	fabriclib-keycloak|src/fabriclib/keycloak/app_client_id.py|app_client_id	1	
function	fabriclib-keycloak|src/fabriclib/keycloak/configure_keycloak.py|configure_keycloak	1	
function	fabriclib-keycloak|src/fabriclib/keycloak/create_person.py|_q	1	0.5.0 / 2026-10-04
function	fabriclib-keycloak|src/fabriclib/keycloak/create_person.py|create_person	2	0.5.0 / 2026-10-04
function	fabriclib-keycloak|src/fabriclib/keycloak/ensure_adguard_client.py|_q	1	
function	fabriclib-keycloak|src/fabriclib/keycloak/ensure_adguard_client.py|ensure_adguard_client	2	
function	fabriclib-keycloak|src/fabriclib/keycloak/ensure_group_mapper.py|ensure_group_mapper	1	
function	fabriclib-keycloak|src/fabriclib/keycloak/ensure_ldap_federation.py|ensure_ldap_federation	1	
function	fabriclib-keycloak|src/fabriclib/keycloak/ensure_mfa_flow.py|ensure_mfa_flow	1	0.6.0 / 2026-10-07
function	fabriclib-keycloak|src/fabriclib/keycloak/ensure_openbao_client.py|_q	1	
function	fabriclib-keycloak|src/fabriclib/keycloak/ensure_openbao_client.py|ensure_openbao_client	2	
function	fabriclib-keycloak|src/fabriclib/keycloak/ensure_rbac_roles.py|_q	1	
function	fabriclib-keycloak|src/fabriclib/keycloak/ensure_rbac_roles.py|_role	2	
function	fabriclib-keycloak|src/fabriclib/keycloak/ensure_rbac_roles.py|ensure_rbac_roles	3	
function	fabriclib-keycloak|src/fabriclib/keycloak/ensure_realm.py|ensure_realm	1	
function	fabriclib-keycloak|src/fabriclib/keycloak/ensure_signin_flows.py|_ensure_shape	3	
function	fabriclib-keycloak|src/fabriclib/keycloak/ensure_signin_flows.py|_shape	1	
function	fabriclib-keycloak|src/fabriclib/keycloak/ensure_signin_flows.py|_unbind	5	
function	fabriclib-keycloak|src/fabriclib/keycloak/ensure_signin_flows.py|_wanted	4	
function	fabriclib-keycloak|src/fabriclib/keycloak/ensure_signin_flows.py|_what	2	
function	fabriclib-keycloak|src/fabriclib/keycloak/ensure_signin_flows.py|ensure_signin_flows	6	
function	fabriclib-keycloak|src/fabriclib/keycloak/ensure_webui_client.py|ensure_webui_client	1	
function	fabriclib-keycloak|src/fabriclib/keycloak/fabric_groups.py|fabric_groups	1	
function	fabriclib-keycloak|src/fabriclib/keycloak/grant_role_to_group.py|grant_role_to_group	1	
function	fabriclib-keycloak|src/fabriclib/keycloak/install_sso_keytab.py|install_sso_keytab	1	
function	fabriclib-keycloak|src/fabriclib/keycloak/keycloak_admin.py|keycloak_admin	1	
function	fabriclib-keycloak|src/fabriclib/keycloak/list_app_clients.py|list_app_clients	1	
function	fabriclib-keycloak|src/fabriclib/keycloak/quote.py|q	1	
function	fabriclib-keycloak|src/fabriclib/keycloak/remove_app_client.py|remove_app_client	1	
function	fabriclib-keycloak|src/fabriclib/keycloak/require_password_change.py|require_password_change	1	0.5.0 / 2026-10-04
function	fabriclib-keycloak|src/fabriclib/keycloak/reset_sign_in.py|_q	1	0.5.0 / 2026-10-04
function	fabriclib-keycloak|src/fabriclib/keycloak/reset_sign_in.py|reset_sign_in	2	0.5.0 / 2026-10-04
function	fabriclib-keycloak|src/fabriclib/keycloak/run_sso_command.py|run_sso_command	1	
function	fabriclib-keycloak|src/fabriclib/keycloak/signin_levels.py|admin_level	2	
function	fabriclib-keycloak|src/fabriclib/keycloak/signin_levels.py|signin_level	1	
function	fabriclib-keycloak|src/fabriclib/keycloak/step.py|step	1	
function	fabriclib-keycloak|src/fabriclib/keycloak/user_has_role.py|user_has_role	1	
function	fabriclib-keycloak|src/fabriclib/keycloak/verify_user_token.py|_client	1	
function	fabriclib-keycloak|src/fabriclib/keycloak/verify_user_token.py|verify_user_token	2	
function	fabriclib-ldap|src/fabriclib/ldap/add_device.py|add_device	1	0.5.0 / 2026-10-04
function	fabriclib-ldap|src/fabriclib/ldap/add_role.py|add_role	1	0.5.0 / 2026-10-04
function	fabriclib-ldap|src/fabriclib/ldap/common/check_device_fields.py|check_device_fields	1	0.5.0 / 2026-10-04
function	fabriclib-ldap|src/fabriclib/ldap/common/check_role_fields.py|check_role_fields	1	0.5.0 / 2026-10-04
function	fabriclib-ldap|src/fabriclib/ldap/common/normalize_mac.py|normalize_mac	1	0.5.0 / 2026-10-04
function	fabriclib-ldap|src/fabriclib/ldap/common/read_directory.py|read_directory	1	0.5.0 / 2026-10-04
function	fabriclib-ldap|src/fabriclib/ldap/common/run_dirsrv.py|run_dirsrv	1	0.5.0 / 2026-10-04
function	fabriclib-ldap|src/fabriclib/ldap/device_overview.py|device_overview	1	0.5.0 / 2026-10-04
function	fabriclib-ldap|src/fabriclib/ldap/ensure_admin_user.py|ensure_admin_user	1	0.5.0 / 2026-10-04
function	fabriclib-ldap|src/fabriclib/ldap/ensure_default_device_roles.py|ensure_default_device_roles	1	0.5.0 / 2026-10-04
function	fabriclib-ldap|src/fabriclib/ldap/ensure_posix_identities.py|ensure_posix_identities	1	0.5.0 / 2026-10-04
function	fabriclib-ldap|src/fabriclib/ldap/link_device_cert.py|link_device_cert	1	0.5.0 / 2026-10-04
function	fabriclib-ldap|src/fabriclib/ldap/list_devices.py|list_devices	1	0.5.0 / 2026-10-04
function	fabriclib-ldap|src/fabriclib/ldap/list_people.py|list_people	1	0.5.0 / 2026-10-04
function	fabriclib-ldap|src/fabriclib/ldap/list_roles.py|list_roles	1	0.5.0 / 2026-10-04
function	fabriclib-ldap|src/fabriclib/ldap/migrate_local_suffix.py|migrate_local_suffix	1	0.5.0 / 2026-10-04
function	fabriclib-ldap|src/fabriclib/ldap/people_written_here.py|people_written_here	1	0.5.0 / 2026-10-04
function	fabriclib-ldap|src/fabriclib/ldap/remove_device.py|remove_device	1	0.5.0 / 2026-10-04
function	fabriclib-ldap|src/fabriclib/ldap/remove_role.py|remove_role	1	0.5.0 / 2026-10-04
function	fabriclib-ldap|src/fabriclib/ldap/require_device.py|require_device	1	0.5.0 / 2026-10-04
function	fabriclib-ldap|src/fabriclib/ldap/run_directory_command.py|run_directory_command	1	0.5.0 / 2026-10-04
function	fabriclib-ldap|src/fabriclib/ldap/seed_directory.py|seed_directory	1	0.5.0 / 2026-10-04
function	fabriclib-ldap|src/fabriclib/ldap/update_device.py|update_device	1	0.5.0 / 2026-10-04
function	fabriclib-ldap|src/fabriclib/ldap/update_role.py|update_role	1	0.5.0 / 2026-10-04
function	fabriclib-logs|src/fabriclib/logs/deploy_fluentbit.py|_write	1	
function	fabriclib-logs|src/fabriclib/logs/deploy_fluentbit.py|deploy_fluentbit	2	
function	fabriclib-logs|src/fabriclib/logs/log_status.py|log_status	1	
function	fabriclib-logs|src/fabriclib/logs/run_logs_command.py|run_logs_command	1	
function	fabriclib-menu|src/fabriclib/menu/apply_and_report.py|apply_and_report	1	
function	fabriclib-menu|src/fabriclib/menu/edit_category.py|edit_category	1	
function	fabriclib-menu|src/fabriclib/menu/edit_complex_variable.py|edit_complex_variable	1	
function	fabriclib-menu|src/fabriclib/menu/edit_dns.py|edit_dns	1	
function	fabriclib-menu|src/fabriclib/menu/edit_dns_zone.py|_apply	2	
function	fabriclib-menu|src/fabriclib/menu/edit_dns_zone.py|_prompt_record	1	
function	fabriclib-menu|src/fabriclib/menu/edit_dns_zone.py|edit_dns_zone	3	
function	fabriclib-menu|src/fabriclib/menu/edit_links.py|edit_links	2	
function	fabriclib-menu|src/fabriclib/menu/edit_links.py|links_file	1	
function	fabriclib-menu|src/fabriclib/menu/edit_list_of_dicts.py|_typed	1	
function	fabriclib-menu|src/fabriclib/menu/edit_list_of_dicts.py|edit_list_of_dicts	2	
function	fabriclib-menu|src/fabriclib/menu/mint_certificate_menu.py|mint_certificate_menu	1	
function	fabriclib-menu|src/fabriclib/menu/parse_value.py|parse_value	1	
function	fabriclib-menu|src/fabriclib/menu/print_vars.py|print_vars	1	
function	fabriclib-menu|src/fabriclib/menu/run_vars_menu.py|run_vars_menu	1	
function	fabriclib-menu|src/fabriclib/menu/save_menu_change.py|menu_actor	1	
function	fabriclib-menu|src/fabriclib/menu/save_menu_change.py|save_menu_change	2	
function	fabriclib-ntp|src/fabriclib/ntp/chrony_settings.py|_allowed	1	
function	fabriclib-ntp|src/fabriclib/ntp/chrony_settings.py|chrony_settings	2	
function	fabriclib-ntp|src/fabriclib/ntp/deploy_chrony.py|deploy_chrony	1	
function	fabriclib-ntp|src/fabriclib/ntp/normalize_ntp.py|normalize_ntp	1	
function	fabriclib-ntp|src/fabriclib/ntp/query_time.py|query_time	1	
function	fabriclib-ntp|src/fabriclib/ntp/time_status.py|time_status	1	
function	fabriclib-pki|src/fabriclib/pki/ca_summary.py|ca_summary	1	
function	fabriclib-pki|src/fabriclib/pki/common/artifacts_dir.py|artifacts_dir	1	
function	fabriclib-pki|src/fabriclib/pki/common/ca_chain_pem.py|ca_chain_pem	1	
function	fabriclib-pki|src/fabriclib/pki/common/ca_files.py|ca_files	1	
function	fabriclib-pki|src/fabriclib/pki/common/ca_parents_pem.py|ca_parents_pem	1	
function	fabriclib-pki|src/fabriclib/pki/common/ca_path_len.py|ca_path_len	1	
function	fabriclib-pki|src/fabriclib/pki/common/describe_cert.py|describe_cert	1	
function	fabriclib-pki|src/fabriclib/pki/common/openssl.py|openssl	1	
function	fabriclib-pki|src/fabriclib/pki/common/record_issued.py|record_issued	1	
function	fabriclib-pki|src/fabriclib/pki/common/run_step.py|run_step	1	
function	fabriclib-pki|src/fabriclib/pki/common/safe_name.py|safe_name	1	
function	fabriclib-pki|src/fabriclib/pki/common/to_pem.py|to_pem	1	
function	fabriclib-pki|src/fabriclib/pki/common/valid_days.py|valid_days	1	
function	fabriclib-pki|src/fabriclib/pki/common/valid_san.py|valid_san	1	
function	fabriclib-pki|src/fabriclib/pki/convert_cert.py|_write	1	
function	fabriclib-pki|src/fabriclib/pki/convert_cert.py|convert_cert	2	
function	fabriclib-pki|src/fabriclib/pki/describe_csr.py|describe_csr	1	
function	fabriclib-pki|src/fabriclib/pki/export_p12.py|export_p12	1	
function	fabriclib-pki|src/fabriclib/pki/hand_out_client_cert.py|hand_out_client_cert	1	
function	fabriclib-pki|src/fabriclib/pki/inspect_pem.py|inspect_pem	1	
function	fabriclib-pki|src/fabriclib/pki/install_cert.py|install_cert	1	
function	fabriclib-pki|src/fabriclib/pki/issue_client_cert.py|issue_client_cert	1	
function	fabriclib-pki|src/fabriclib/pki/issue_key_pair.py|issue_key_pair	1	
function	fabriclib-pki|src/fabriclib/pki/list_issued.py|list_issued	1	
function	fabriclib-pki|src/fabriclib/pki/make_site_ca_request.py|make_site_ca_request	1	
function	fabriclib-pki|src/fabriclib/pki/mint_cert.py|mint_cert	1	
function	fabriclib-pki|src/fabriclib/pki/mint_extra_cert.py|extra_cert_paths	1	
function	fabriclib-pki|src/fabriclib/pki/mint_extra_cert.py|mint_extra_cert	2	
function	fabriclib-pki|src/fabriclib/pki/mint_offline_cert.py|mint_offline_cert	1	
function	fabriclib-pki|src/fabriclib/pki/needs_renewal.py|needs_renewal	1	
function	fabriclib-pki|src/fabriclib/pki/publish_ca_certs.py|_info	2	
function	fabriclib-pki|src/fabriclib/pki/publish_ca_certs.py|_openssl	1	
function	fabriclib-pki|src/fabriclib/pki/publish_ca_certs.py|_write_if_changed	3	
function	fabriclib-pki|src/fabriclib/pki/publish_ca_certs.py|publish_ca_certs	4	
function	fabriclib-pki|src/fabriclib/pki/replace_site_ca.py|replace_site_ca	1	
function	fabriclib-pki|src/fabriclib/pki/run_mint_certs_command.py|_ask	1	
function	fabriclib-pki|src/fabriclib/pki/run_mint_certs_command.py|_show	2	
function	fabriclib-pki|src/fabriclib/pki/run_mint_certs_command.py|run_mint_certs_command	3	
function	fabriclib-pki|src/fabriclib/pki/run_service_cert_command.py|run_service_cert_command	1	
function	fabriclib-pki|src/fabriclib/pki/sign_csr.py|sign_csr	1	
function	fabriclib-pki|src/fabriclib/pki/sign_site_ca.py|_hours_left	1	
function	fabriclib-pki|src/fabriclib/pki/sign_site_ca.py|_stage	2	
function	fabriclib-pki|src/fabriclib/pki/sign_site_ca.py|sign_site_ca	3	
function	fabriclib-pki|src/fabriclib/pki/stage_site_ca.py|stage_site_ca	1	
function	fabriclib-radius|src/fabriclib/radius/add_radius_client.py|add_radius_client	1	
function	fabriclib-radius|src/fabriclib/radius/deploy_freeradius.py|deploy_freeradius	1	
function	fabriclib-radius|src/fabriclib/radius/list_auth_log.py|list_auth_log	1	
function	fabriclib-radius|src/fabriclib/radius/map_radius_group.py|map_radius_group	1	
function	fabriclib-radius|src/fabriclib/radius/normalize_radius_clients.py|normalize_radius_clients	1	
function	fabriclib-radius|src/fabriclib/radius/normalize_radius_people.py|normalize_radius_people	1	
function	fabriclib-radius|src/fabriclib/radius/radius_guides.py|radius_guides	1	
function	fabriclib-radius|src/fabriclib/radius/radius_overview.py|radius_overview	1	
function	fabriclib-radius|src/fabriclib/radius/remove_radius_client.py|remove_radius_client	1	
function	fabriclib-radius|src/fabriclib/radius/rotate_radius_secret.py|rotate_radius_secret	1	
function	fabriclib-radius|src/fabriclib/radius/run_radius_command.py|_apply	1	
function	fabriclib-radius|src/fabriclib/radius/run_radius_command.py|_secret	2	
function	fabriclib-radius|src/fabriclib/radius/run_radius_command.py|run_radius_command	3	
function	fabriclib-radius|src/fabriclib/radius/unmap_radius_group.py|unmap_radius_group	1	
function	fabriclib-radius|src/fabriclib/radius/windows_lan_profile.py|windows_lan_profile	1	
function	fabriclib-radius|src/fabriclib/radius/windows_setup_script.py|windows_setup_script	1	
function	fabriclib-rbac|src/fabriclib/rbac/required_permission.py|required_permission	1	
function	fabriclib-rbac|src/fabriclib/rbac/user_permissions.py|user_permissions	1	
function	fabriclib-samba|src/fabriclib/samba/check_password_policy.py|check_password_policy	1	
function	fabriclib-samba|src/fabriclib/samba/clear_gpo_policy.py|clear_gpo_policy	1	
function	fabriclib-samba|src/fabriclib/samba/converge_domain.py|_lan_profile	2	
function	fabriclib-samba|src/fabriclib/samba/converge_domain.py|converge_domain	1	
function	fabriclib-samba|src/fabriclib/samba/deploy_samba.py|_chrony_gid	2	
function	fabriclib-samba|src/fabriclib/samba/deploy_samba.py|deploy_samba	1	
function	fabriclib-samba|src/fabriclib/samba/domain_id_blocks.py|domain_id_blocks	1	0.5.0 / 2026-10-05
function	fabriclib-samba|src/fabriclib/samba/domain_overview.py|domain_overview	1	
function	fabriclib-samba|src/fabriclib/samba/domain_sites.py|domain_sites	1	
function	fabriclib-samba|src/fabriclib/samba/domain_status.py|_dc	1	
function	fabriclib-samba|src/fabriclib/samba/domain_status.py|domain_status	2	
function	fabriclib-samba|src/fabriclib/samba/finish_join.py|finish_join	1	
function	fabriclib-samba|src/fabriclib/samba/gpo_overview.py|gpo_overview	1	
function	fabriclib-samba|src/fabriclib/samba/gpo_request.py|gpo_request	1	
function	fabriclib-samba|src/fabriclib/samba/id_range.py|id_range	1	
function	fabriclib-samba|src/fabriclib/samba/list_conflicts.py|list_conflicts	1	
function	fabriclib-samba|src/fabriclib/samba/prepare_site.py|prepare_site	1	
function	fabriclib-samba|src/fabriclib/samba/replication_status.py|replication_status	1	
function	fabriclib-samba|src/fabriclib/samba/run_converge.py|run_converge	1	
function	fabriclib-samba|src/fabriclib/samba/run_domain_command.py|_changes	1	
function	fabriclib-samba|src/fabriclib/samba/run_domain_command.py|run_domain_command	2	
function	fabriclib-samba|src/fabriclib/samba/run_gpo_command.py|_files	1	
function	fabriclib-samba|src/fabriclib/samba/run_gpo_command.py|run_gpo_command	2	
function	fabriclib-samba|src/fabriclib/samba/set_domain_password_policy.py|set_domain_password_policy	1	
function	fabriclib-samba|src/fabriclib/samba/set_gpo_policy.py|set_gpo_policy	1	
function	fabriclib-samba|src/fabriclib/samba/sso_spns.py|sso_spns	1	
function	fabriclib-samba|src/fabriclib/samba/suggested_ad_domain.py|suggested_ad_domain	1	
function	fabriclib-samba|src/fabriclib/samba/write_bind_dlz.py|write_bind_dlz	1	
function	fabriclib-secrets|src/fabriclib/secrets/common/read_vault_secrets.py|read_vault_secrets	1	
function	fabriclib-secrets|src/fabriclib/secrets/common/write_vault_secrets.py|write_vault_secrets	1	
function	fabriclib-secrets|src/fabriclib/secrets/export_secrets.py|export_secrets	1	
function	fabriclib-secrets|src/fabriclib/secrets/import_secrets.py|_shred	1	
function	fabriclib-secrets|src/fabriclib/secrets/import_secrets.py|import_secrets	2	
function	fabriclib-secrets|src/fabriclib/secrets/load_secrets.py|load_secrets	1	
function	fabriclib-secrets|src/fabriclib/secrets/random_password.py|random_password	1	
function	fabriclib-secrets|src/fabriclib/secrets/random_secret.py|random_secret	1	
function	fabriclib-secrets|src/fabriclib/secrets/run_secrets_command.py|_flat	1	
function	fabriclib-secrets|src/fabriclib/secrets/run_secrets_command.py|run_secrets_command	2	
function	fabriclib-secrets|src/fabriclib/secrets/save_secrets.py|save_secrets	1	
function	fabriclib-secrets|src/fabriclib/secrets/secrets_in_openbao.py|secrets_in_openbao	1	
function	fabriclib-security|src/fabriclib/security/apply_docker_firewall.py|_rules	1	
function	fabriclib-security|src/fabriclib/security/apply_docker_firewall.py|apply_docker_firewall	2	
function	fabriclib-security|src/fabriclib/security/apply_signin.py|apply_signin	1	
function	fabriclib-security|src/fabriclib/security/check_signin_lowering.py|check_signin_lowering	1	
function	fabriclib-security|src/fabriclib/security/firewall_rules.py|firewall_rules	1	
function	fabriclib-security|src/fabriclib/security/hardened_daemon_settings.py|hardened_daemon_settings	1	
function	fabriclib-security|src/fabriclib/security/run_security_command.py|_actor	2	
function	fabriclib-security|src/fabriclib/security/run_security_command.py|_confirm	3	
function	fabriclib-security|src/fabriclib/security/run_security_command.py|_lowered	1	0.6.0 / 2026-10-07
function	fabriclib-security|src/fabriclib/security/run_security_command.py|_wait_web	6	
function	fabriclib-security|src/fabriclib/security/run_security_command.py|_web_started	5	
function	fabriclib-security|src/fabriclib/security/run_security_command.py|run_security_command	4	
function	fabriclib-security|src/fabriclib/security/set_signin_layer.py|_mark	2	
function	fabriclib-security|src/fabriclib/security/set_signin_layer.py|set_signin_layer	1	
function	fabriclib-security|src/fabriclib/security/set_signin_layer.py|show	3	
function	fabriclib-security|src/fabriclib/security/signin_layers.py|layer_value	2	
function	fabriclib-security|src/fabriclib/security/signin_layers.py|on_off	1	
function	fabriclib-security|src/fabriclib/security/signin_layers.py|rank	3	
function	fabriclib-security|src/fabriclib/security/signin_layers.py|read_lowered	5	
function	fabriclib-security|src/fabriclib/security/signin_layers.py|signin_rows	4	
function	fabriclib-security|src/fabriclib/security/ssh_ports.py|ssh_ports	1	
function	fabriclib-security|src/fabriclib/security/ufw_rule.py|ufw_rule	1	
function	fabriclib-setup|src/fabriclib/setup/ask_ad_domain.py|_number	1	
function	fabriclib-setup|src/fabriclib/setup/ask_ad_domain.py|ask_ad_domain	2	
function	fabriclib-setup|src/fabriclib/setup/ask_ram.py|_plan	1	
function	fabriclib-setup|src/fabriclib/setup/ask_ram.py|ask_ram	2	
function	fabriclib-setup|src/fabriclib/setup/ask_windows_domain.py|_number	1	0.5.0 / 2026-10-04
function	fabriclib-setup|src/fabriclib/setup/ask_windows_domain.py|ask_windows_domain	2	0.5.0 / 2026-10-04
function	fabriclib-setup|src/fabriclib/setup/backup_install.py|backup_install	1	
function	fabriclib-setup|src/fabriclib/setup/check_export_dir.py|check_export_dir	1	
function	fabriclib-setup|src/fabriclib/setup/choose_plan.py|_ask_dhcp	2	
function	fabriclib-setup|src/fabriclib/setup/choose_plan.py|_ask_dns_filter	8	
function	fabriclib-setup|src/fabriclib/setup/choose_plan.py|_ask_log_forwarding	1	
function	fabriclib-setup|src/fabriclib/setup/choose_plan.py|_ask_radius	3	
function	fabriclib-setup|src/fabriclib/setup/choose_plan.py|_get	4	
function	fabriclib-setup|src/fabriclib/setup/choose_plan.py|_set	5	
function	fabriclib-setup|src/fabriclib/setup/choose_plan.py|_upstreams_text	7	
function	fabriclib-setup|src/fabriclib/setup/choose_plan.py|choose_plan	6	
function	fabriclib-setup|src/fabriclib/setup/collect_vars.py|_ask	3	
function	fabriclib-setup|src/fabriclib/setup/collect_vars.py|_join_defaults	4	
function	fabriclib-setup|src/fabriclib/setup/collect_vars.py|_load	2	
function	fabriclib-setup|src/fabriclib/setup/collect_vars.py|_valid	1	
function	fabriclib-setup|src/fabriclib/setup/collect_vars.py|collect_vars	5	
function	fabriclib-setup|src/fabriclib/setup/common/docker_ready.py|docker_ready	1	
function	fabriclib-setup|src/fabriclib/setup/common/missing_packages.py|missing_packages	1	
function	fabriclib-setup|src/fabriclib/setup/common/service_account_name.py|service_account_name	1	
function	fabriclib-setup|src/fabriclib/setup/condition_host.py|_apt_install	1	
function	fabriclib-setup|src/fabriclib/setup/condition_host.py|run	2	
function	fabriclib-setup|src/fabriclib/setup/configure_firewall.py|_forget_rules	2	
function	fabriclib-setup|src/fabriclib/setup/configure_firewall.py|_keep_ufw_state	3	
function	fabriclib-setup|src/fabriclib/setup/configure_firewall.py|_ssh_client	1	
function	fabriclib-setup|src/fabriclib/setup/configure_firewall.py|run	4	
function	fabriclib-setup|src/fabriclib/setup/configure_network.py|run	1	
function	fabriclib-setup|src/fabriclib/setup/context.py|SetupContext.config_dir	2	
function	fabriclib-setup|src/fabriclib/setup/context.py|SetupContext.enabled	10	
function	fabriclib-setup|src/fabriclib/setup/context.py|SetupContext.load_state	6	
function	fabriclib-setup|src/fabriclib/setup/context.py|SetupContext.path	5	
function	fabriclib-setup|src/fabriclib/setup/context.py|SetupContext.secrets	7	
function	fabriclib-setup|src/fabriclib/setup/context.py|SetupContext.secrets (2)	8	
function	fabriclib-setup|src/fabriclib/setup/context.py|SetupContext.secrets_file	4	
function	fabriclib-setup|src/fabriclib/setup/context.py|SetupContext.target_dir	1	
function	fabriclib-setup|src/fabriclib/setup/context.py|SetupContext.uid	9	
function	fabriclib-setup|src/fabriclib/setup/context.py|SetupContext.vars_file	3	
function	fabriclib-setup|src/fabriclib/setup/create_accounts.py|_move_files	1	
function	fabriclib-setup|src/fabriclib/setup/create_accounts.py|run	2	
function	fabriclib-setup|src/fabriclib/setup/create_admin.py|_client_cert	4	
function	fabriclib-setup|src/fabriclib/setup/create_admin.py|_readme	3	
function	fabriclib-setup|src/fabriclib/setup/create_admin.py|_write	1	
function	fabriclib-setup|src/fabriclib/setup/create_admin.py|run	2	
function	fabriclib-setup|src/fabriclib/setup/deploy_config.py|_packaged	1	
function	fabriclib-setup|src/fabriclib/setup/deploy_config.py|_write_exec	2	
function	fabriclib-setup|src/fabriclib/setup/deploy_config.py|run	3	
function	fabriclib-setup|src/fabriclib/setup/detect_network.py|detect_network	1	
function	fabriclib-setup|src/fabriclib/setup/export_install.py|_copy	1	
function	fabriclib-setup|src/fabriclib/setup/export_install.py|export_install	2	
function	fabriclib-setup|src/fabriclib/setup/harden_docker.py|run	1	
function	fabriclib-setup|src/fabriclib/setup/init_pki.py|_chown_tree	1	
function	fabriclib-setup|src/fabriclib/setup/init_pki.py|_configure_ca_json	2	
function	fabriclib-setup|src/fabriclib/setup/init_pki.py|_make_root	4	
function	fabriclib-setup|src/fabriclib/setup/init_pki.py|_public_certs_readable	6	
function	fabriclib-setup|src/fabriclib/setup/init_pki.py|_publish_ca_certs	5	
function	fabriclib-setup|src/fabriclib/setup/init_pki.py|_single_intermediate	3	
function	fabriclib-setup|src/fabriclib/setup/init_pki.py|run	7	
function	fabriclib-setup|src/fabriclib/setup/join_federation.py|run	1	
function	fabriclib-setup|src/fabriclib/setup/mint_extra_certs.py|mint_extra_certs	1	
function	fabriclib-setup|src/fabriclib/setup/mint_service_certs.py|_install_dirsrv_tls	2	0.5.0 / 2026-10-04
function	fabriclib-setup|src/fabriclib/setup/mint_service_certs.py|_targets	1	
function	fabriclib-setup|src/fabriclib/setup/mint_service_certs.py|run	3	
function	fabriclib-setup|src/fabriclib/setup/preflight.py|_foreign_listeners	3	
function	fabriclib-setup|src/fabriclib/setup/preflight.py|_mem_gb	2	
function	fabriclib-setup|src/fabriclib/setup/preflight.py|_os_release	1	
function	fabriclib-setup|src/fabriclib/setup/preflight.py|run	4	
function	fabriclib-setup|src/fabriclib/setup/read_join_invitation.py|read_join_invitation	1	
function	fabriclib-setup|src/fabriclib/setup/renew_service_certs.py|renew_service_certs	1	
function	fabriclib-setup|src/fabriclib/setup/restore_install.py|restore_install	1	
function	fabriclib-setup|src/fabriclib/setup/retire_renamed_units.py|retire_renamed_units	1	
function	fabriclib-setup|src/fabriclib/setup/run_restore_command.py|run_restore_command	1	
function	fabriclib-setup|src/fabriclib/setup/run_setup.py|main	1	
function	fabriclib-setup|src/fabriclib/setup/run_uninstall_command.py|_opt	1	
function	fabriclib-setup|src/fabriclib/setup/run_uninstall_command.py|_package_installed	2	
function	fabriclib-setup|src/fabriclib/setup/run_uninstall_command.py|_show_plan	3	
function	fabriclib-setup|src/fabriclib/setup/run_uninstall_command.py|run_uninstall_command	4	
function	fabriclib-setup|src/fabriclib/setup/setup_openbao.py|_save_recovery	1	
function	fabriclib-setup|src/fabriclib/setup/setup_openbao.py|run	2	
function	fabriclib-setup|src/fabriclib/setup/stage_source.py|stage_source	1	
function	fabriclib-setup|src/fabriclib/setup/start_bootstrap.py|run	1	
function	fabriclib-setup|src/fabriclib/setup/start_services.py|run	1	
function	fabriclib-setup|src/fabriclib/setup/start_unit.py|start_unit	1	
function	fabriclib-setup|src/fabriclib/setup/uninstall.py|uninstall	1	
function	fabriclib-setup|src/fabriclib/setup/upgrade_vars.py|upgrade_vars	1	
function	fabriclib-setup|src/fabriclib/setup/verify_install.py|_curl	1	
function	fabriclib-setup|src/fabriclib/setup/verify_install.py|_ldap_bind	2	0.5.0 / 2026-10-04
function	fabriclib-setup|src/fabriclib/setup/verify_install.py|checks	3	
function	fabriclib-setup|src/fabriclib/setup/verify_install.py|run	4	
function	fabriclib-system|src/fabriclib/system/apply_changes.py|apply_changes	1	
function	fabriclib-system|src/fabriclib/system/control_stack.py|control_stack	1	
function	fabriclib-system|src/fabriclib/system/host_ram_gb.py|host_ram_gb	1	
function	fabriclib-system|src/fabriclib/system/relaxed_settings.py|relaxed_settings	1	
function	fabriclib-system|src/fabriclib/system/render_template_file.py|render_template_file	1	
function	fabriclib-system|src/fabriclib/system/service_status.py|_health	1	
function	fabriclib-system|src/fabriclib/system/service_status.py|service_status	2	
function	fabriclib-system|src/fabriclib/system/show_relaxed_settings.py|show_relaxed_settings	1	
function	fabriclib-system|src/fabriclib/system/version_info.py|version_info	1	
function	fabriclib-undo|src/fabriclib/undo/undo_firewall.py|undo_firewall	1	
function	fabriclib-undo|src/fabriclib/undo/undo_group.py|undo_group	1	
function	fabriclib-undo|src/fabriclib/undo/undo_resolver.py|undo_resolver	1	
function	fabriclib-undo|src/fabriclib/undo/undo_runtime.py|_strip_hardening	1	
function	fabriclib-undo|src/fabriclib/undo/undo_runtime.py|undo_runtime	2	
function	fabriclib-undo|src/fabriclib/undo/undo_time.py|undo_time	1	
function	fabriclib-undo|src/fabriclib/undo/undo_trust.py|undo_trust	1	
function	fabriclib-undo|src/fabriclib/undo/uninstall_plan.py|uninstall_plan	1	
function	fabriclib-vault|src/fabriclib/vault/add_kmip_slot.py|_check_pems	1	
function	fabriclib-vault|src/fabriclib/vault/add_kmip_slot.py|add_kmip_slot	2	
function	fabriclib-vault|src/fabriclib/vault/add_security_key_slot.py|_check_existing	2	
function	fabriclib-vault|src/fabriclib/vault/add_security_key_slot.py|_generate	1	
function	fabriclib-vault|src/fabriclib/vault/add_security_key_slot.py|add_security_key_slot	3	
function	fabriclib-vault|src/fabriclib/vault/add_usb_slot.py|add_usb_slot	1	
function	fabriclib-vault|src/fabriclib/vault/common/approle_login.py|approle_login	1	
function	fabriclib-vault|src/fabriclib/vault/common/bao_request.py|bao_request	1	
function	fabriclib-vault|src/fabriclib/vault/common/block_device.py|block_device	1	
function	fabriclib-vault|src/fabriclib/vault/common/find_token.py|find_token	1	
function	fabriclib-vault|src/fabriclib/vault/common/key_check_value.py|key_check_value	1	
function	fabriclib-vault|src/fabriclib/vault/common/kmip_session.py|kmip_session	1	
function	fabriclib-vault|src/fabriclib/vault/common/load_pkcs11.py|load_pkcs11	1	
function	fabriclib-vault|src/fabriclib/vault/common/mounted_stick.py|mounted_stick	1	
function	fabriclib-vault|src/fabriclib/vault/common/obtain_key.py|obtain_key	1	
function	fabriclib-vault|src/fabriclib/vault/common/pkcs11_modules.py|pkcs11_modules	1	
function	fabriclib-vault|src/fabriclib/vault/common/pkcs11_session.py|pkcs11_session	1	
function	fabriclib-vault|src/fabriclib/vault/common/read_slot_store.py|read_slot_store	1	
function	fabriclib-vault|src/fabriclib/vault/common/slot_store_mac.py|slot_store_mac	1	
function	fabriclib-vault|src/fabriclib/vault/common/slot_type.py|slot_type	1	
function	fabriclib-vault|src/fabriclib/vault/common/wait_active.py|wait_active	1	
function	fabriclib-vault|src/fabriclib/vault/common/write_private_file.py|write_private_file	1	
function	fabriclib-vault|src/fabriclib/vault/common/write_seal_config.py|write_seal_config	1	
function	fabriclib-vault|src/fabriclib/vault/common/write_slot_store.py|write_slot_store	1	
function	fabriclib-vault|src/fabriclib/vault/configure_oidc.py|_call	1	
function	fabriclib-vault|src/fabriclib/vault/configure_oidc.py|configure_oidc	2	
function	fabriclib-vault|src/fabriclib/vault/configure_openbao.py|_call	1	
function	fabriclib-vault|src/fabriclib/vault/configure_openbao.py|_login_works	2	
function	fabriclib-vault|src/fabriclib/vault/configure_openbao.py|configure_openbao	3	
function	fabriclib-vault|src/fabriclib/vault/detect_devices.py|_disks	3	
function	fabriclib-vault|src/fabriclib/vault/detect_devices.py|_read	1	
function	fabriclib-vault|src/fabriclib/vault/detect_devices.py|_tokens	2	
function	fabriclib-vault|src/fabriclib/vault/detect_devices.py|detect_devices	4	
function	fabriclib-vault|src/fabriclib/vault/ensure_vault_key.py|ensure_vault_key	1	
function	fabriclib-vault|src/fabriclib/vault/generate_root_token.py|_decode	1	
function	fabriclib-vault|src/fabriclib/vault/generate_root_token.py|generate_root_token	2	
function	fabriclib-vault|src/fabriclib/vault/init_openbao.py|init_openbao	1	
function	fabriclib-vault|src/fabriclib/vault/list_pkcs11_tokens.py|list_pkcs11_tokens	1	
function	fabriclib-vault|src/fabriclib/vault/list_slots.py|list_slots	1	
function	fabriclib-vault|src/fabriclib/vault/remove_slot.py|remove_slot	1	
function	fabriclib-vault|src/fabriclib/vault/revoke_token.py|revoke_token	1	
function	fabriclib-vault|src/fabriclib/vault/rotate_vault_key.py|_next_id	1	
function	fabriclib-vault|src/fabriclib/vault/rotate_vault_key.py|rotate_vault_key	2	
function	fabriclib-vault|src/fabriclib/vault/run_vault_command.py|_status	2	
function	fabriclib-vault|src/fabriclib/vault/run_vault_command.py|restart_openbao	1	
function	fabriclib-vault|src/fabriclib/vault/run_vault_command.py|run_vault_command	3	
function	fabriclib-vault|src/fabriclib/vault/slots/kmip.py|_params	3	
function	fabriclib-vault|src/fabriclib/vault/slots/kmip.py|_session	2	
function	fabriclib-vault|src/fabriclib/vault/slots/kmip.py|discard	8	
function	fabriclib-vault|src/fabriclib/vault/slots/kmip.py|forget	7	
function	fabriclib-vault|src/fabriclib/vault/slots/kmip.py|present	6	
function	fabriclib-vault|src/fabriclib/vault/slots/kmip.py|slot_dir	1	
function	fabriclib-vault|src/fabriclib/vault/slots/kmip.py|unwrap	5	
function	fabriclib-vault|src/fabriclib/vault/slots/kmip.py|wrap	4	
function	fabriclib-vault|src/fabriclib/vault/slots/local.py|_path	1	
function	fabriclib-vault|src/fabriclib/vault/slots/local.py|forget	5	
function	fabriclib-vault|src/fabriclib/vault/slots/local.py|present	4	
function	fabriclib-vault|src/fabriclib/vault/slots/local.py|unwrap	3	
function	fabriclib-vault|src/fabriclib/vault/slots/local.py|wrap	2	
function	fabriclib-vault|src/fabriclib/vault/slots/pkcs11.py|_keys	4	
function	fabriclib-vault|src/fabriclib/vault/slots/pkcs11.py|_mech	5	
function	fabriclib-vault|src/fabriclib/vault/slots/pkcs11.py|_pin	3	
function	fabriclib-vault|src/fabriclib/vault/slots/pkcs11.py|discard	10	
function	fabriclib-vault|src/fabriclib/vault/slots/pkcs11.py|forget	9	
function	fabriclib-vault|src/fabriclib/vault/slots/pkcs11.py|pin_path	1	
function	fabriclib-vault|src/fabriclib/vault/slots/pkcs11.py|present	8	
function	fabriclib-vault|src/fabriclib/vault/slots/pkcs11.py|save_pin	2	
function	fabriclib-vault|src/fabriclib/vault/slots/pkcs11.py|unwrap	7	
function	fabriclib-vault|src/fabriclib/vault/slots/pkcs11.py|wrap	6	
function	fabriclib-vault|src/fabriclib/vault/slots/usb.py|_stick	1	
function	fabriclib-vault|src/fabriclib/vault/slots/usb.py|forget	5	
function	fabriclib-vault|src/fabriclib/vault/slots/usb.py|present	4	
function	fabriclib-vault|src/fabriclib/vault/slots/usb.py|unwrap	3	
function	fabriclib-vault|src/fabriclib/vault/slots/usb.py|wrap	2	
function	fabriclib-vault|src/fabriclib/vault/test_slot.py|test_slot	1	
function	fabriclib-vault|src/fabriclib/vault/unlock_vault.py|unlock_vault	1	
function	fabriclib-vault|src/fabriclib/vault/vault_device_event.py|vault_device_event	1	
function	fabriclib-vault|src/fabriclib/vault/vault_status.py|_key_state	1	
function	fabriclib-vault|src/fabriclib/vault/vault_status.py|vault_status	2	
function	fabriclib-vault|src/fabriclib/vault/wipe_runtime_keys.py|wipe_runtime_keys	1	
function	fabriclib-vault|src/fabriclib/vault/write_device_rules.py|write_device_rules	1	
function	installers|packaging/deb/assemble-tree.sh|copy	2	
function	installers|packaging/deb/assemble-tree.sh|files	1	
function	webui|src/ux/web/devserver.py|main	1	
function	webui|src/ux/web/server.py|main	1	
function	webui|src/webui/agentclient/add_client_class.py|add_client_class	1	
function	webui|src/webui/agentclient/add_machine.py|add_machine	1	
function	webui|src/webui/agentclient/add_radius_client.py|add_radius_client	1	
function	webui|src/webui/agentclient/add_record.py|add_record	1	
function	webui|src/webui/agentclient/add_reservation.py|add_reservation	1	
function	webui|src/webui/agentclient/add_subnet.py|add_subnet	1	
function	webui|src/webui/agentclient/apply_changes.py|apply_changes	1	
function	webui|src/webui/agentclient/audit.py|audit	1	
function	webui|src/webui/agentclient/ca_summary.py|ca_summary	1	
function	webui|src/webui/agentclient/connection.py|_UnixConnection.__init__	3	
function	webui|src/webui/agentclient/connection.py|_UnixConnection.connect	4	
function	webui|src/webui/agentclient/connection.py|call_agent	5	
function	webui|src/webui/agentclient/connection.py|configure	2	
function	webui|src/webui/agentclient/connection.py|set_token	1	
function	webui|src/webui/agentclient/convert_cert.py|convert_cert	1	
function	webui|src/webui/agentclient/create_person.py|create_person	1	
function	webui|src/webui/agentclient/create_tsig_key.py|create_tsig_key	1	
function	webui|src/webui/agentclient/delete_device.py|delete_device	1	
function	webui|src/webui/agentclient/delete_record.py|delete_record	1	
function	webui|src/webui/agentclient/delete_role.py|delete_role	1	
function	webui|src/webui/agentclient/delete_tsig_key.py|delete_tsig_key	1	
function	webui|src/webui/agentclient/describe_csr.py|describe_csr	1	
function	webui|src/webui/agentclient/device_overview.py|device_overview	1	
function	webui|src/webui/agentclient/dhcp_overview.py|dhcp_overview	1	
function	webui|src/webui/agentclient/domain_overview.py|domain_overview	1	
function	webui|src/webui/agentclient/federation_overview.py|federation_overview	1	
function	webui|src/webui/agentclient/gpo_change.py|gpo_change	1	
function	webui|src/webui/agentclient/gpo_overview.py|gpo_overview	1	
function	webui|src/webui/agentclient/host_changes.py|host_changes	1	
function	webui|src/webui/agentclient/inspect_pem.py|inspect_pem	1	
function	webui|src/webui/agentclient/issue_key_pair.py|issue_key_pair	1	
function	webui|src/webui/agentclient/link_device_cert.py|link_device_cert	1	
function	webui|src/webui/agentclient/list_issued.py|list_issued	1	
function	webui|src/webui/agentclient/list_people.py|list_people	1	
function	webui|src/webui/agentclient/list_tsig_keys.py|list_tsig_keys	1	
function	webui|src/webui/agentclient/list_zones.py|list_zones	1	
function	webui|src/webui/agentclient/machine_action.py|machine_action	1	
function	webui|src/webui/agentclient/map_radius_group.py|map_radius_group	1	
function	webui|src/webui/agentclient/quote_segment.py|quote_segment	1	
function	webui|src/webui/agentclient/radius_guides.py|radius_guides	1	
function	webui|src/webui/agentclient/radius_overview.py|radius_overview	1	
function	webui|src/webui/agentclient/raise_signin_layer.py|raise_signin_layer	1	
function	webui|src/webui/agentclient/read_audit.py|read_audit	1	
function	webui|src/webui/agentclient/relaxed_settings.py|relaxed_settings	1	
function	webui|src/webui/agentclient/remove_client_class.py|remove_client_class	1	
function	webui|src/webui/agentclient/remove_radius_client.py|remove_radius_client	1	
function	webui|src/webui/agentclient/remove_reservation.py|remove_reservation	1	
function	webui|src/webui/agentclient/remove_subnet.py|remove_subnet	1	
function	webui|src/webui/agentclient/reset_sign_in.py|reset_sign_in	1	
function	webui|src/webui/agentclient/reverse_zones.py|reverse_zones	1	
function	webui|src/webui/agentclient/rotate_radius_secret.py|rotate_radius_secret	1	
function	webui|src/webui/agentclient/rotate_tsig_key.py|rotate_tsig_key	1	
function	webui|src/webui/agentclient/save_device.py|save_device	1	
function	webui|src/webui/agentclient/save_role.py|save_role	1	
function	webui|src/webui/agentclient/security_layers.py|security_layers	1	
function	webui|src/webui/agentclient/service_status.py|service_status	1	
function	webui|src/webui/agentclient/set_option.py|set_option	1	
function	webui|src/webui/agentclient/sign_csr.py|sign_csr	1	
function	webui|src/webui/agentclient/unmap_radius_group.py|unmap_radius_group	1	
function	webui|src/webui/agentclient/unset_option.py|unset_option	1	
function	webui|src/webui/agentclient/update_subnet.py|update_subnet	1	
function	webui|src/webui/agentclient/vault_add_kmip.py|vault_add_kmip	1	
function	webui|src/webui/agentclient/vault_add_security_key.py|vault_add_security_key	1	
function	webui|src/webui/agentclient/vault_add_usb.py|vault_add_usb	1	
function	webui|src/webui/agentclient/vault_devices.py|vault_devices	1	
function	webui|src/webui/agentclient/vault_rotate.py|vault_rotate	1	
function	webui|src/webui/agentclient/vault_slot_action.py|vault_slot_action	1	
function	webui|src/webui/agentclient/vault_slots.py|vault_slots	1	
function	webui|src/webui/agentclient/vault_status.py|vault_status	1	
function	webui|src/webui/agentclient/version_info.py|version_info	1	
function	webui|src/webui/agentclient/zone_detail.py|zone_detail	1	
function	webui|src/webui/app_state.py|App.__init__	1	
function	webui|src/webui/app_state.py|App.sweep	2	
function	webui|src/webui/devpreview/dev_get_page.py|dev_get_page	1	
function	webui|src/webui/devpreview/dev_handler.py|DevHandler.do_GET	3	
function	webui|src/webui/devpreview/dev_handler.py|DevHandler.do_POST	4	
function	webui|src/webui/devpreview/dev_handler.py|DevHandler.log_message	1	
function	webui|src/webui/devpreview/dev_handler.py|DevHandler.send	2	
function	webui|src/webui/devpreview/dev_post_action.py|dev_post_action	1	
function	webui|src/webui/devpreview/dev_post_dhcp.py|_where	1	
function	webui|src/webui/devpreview/dev_post_dhcp.py|dev_post_dhcp	2	
function	webui|src/webui/devpreview/dev_post_directory.py|dev_post_directory	1	
function	webui|src/webui/devpreview/dev_post_dns.py|dev_post_dns	1	
function	webui|src/webui/devpreview/dev_post_network.py|dev_post_network	1	
function	webui|src/webui/devpreview/dev_state.py|DevState.__init__	1	
function	webui|src/webui/devpreview/dev_state.py|DevState._ptr	5	
function	webui|src/webui/devpreview/dev_state.py|DevState.log	9	
function	webui|src/webui/devpreview/dev_state.py|DevState.overview	6	
function	webui|src/webui/devpreview/dev_state.py|DevState.reverse	3	
function	webui|src/webui/devpreview/dev_state.py|DevState.save	7	
function	webui|src/webui/devpreview/dev_state.py|DevState.vault_action	8	
function	webui|src/webui/devpreview/dev_state.py|DevState.zone	4	
function	webui|src/webui/devpreview/dev_state.py|DevState.zones	2	
function	webui|src/webui/devpreview/sample_radius_guides.py|sample_radius_guides	1	
function	webui|src/webui/devpreview/sample_result.py|sample_result	1	
function	webui|src/webui/handler.py|Handler.address_string	1	
function	webui|src/webui/handler.py|Handler.deny	5	
function	webui|src/webui/handler.py|Handler.do_GET	7	
function	webui|src/webui/handler.py|Handler.do_HEAD	6	
function	webui|src/webui/handler.py|Handler.do_POST	8	
function	webui|src/webui/handler.py|Handler.handle_request	9	
function	webui|src/webui/handler.py|Handler.log_message	2	
function	webui|src/webui/handler.py|Handler.redirect	4	
function	webui|src/webui/handler.py|Handler.send	3	
function	webui|src/webui/httpio/cookie_header.py|cookie_header	1	
function	webui|src/webui/httpio/read_cookie.py|read_cookie	1	
function	webui|src/webui/httpio/read_form.py|read_form	1	
function	webui|src/webui/httpio/upload_value.py|upload_value	1	
function	webui|src/webui/oidc.py|KeycloakOIDC.__init__	4	
function	webui|src/webui/oidc.py|KeycloakOIDC._key	9	
function	webui|src/webui/oidc.py|KeycloakOIDC.finish_login	6	
function	webui|src/webui/oidc.py|KeycloakOIDC.logout_url	8	
function	webui|src/webui/oidc.py|KeycloakOIDC.refresh	7	
function	webui|src/webui/oidc.py|KeycloakOIDC.start_login	5	
function	webui|src/webui/oidc.py|KeycloakOIDC.verify_id_token	10	
function	webui|src/webui/oidc.py|b64url_decode	1	
function	webui|src/webui/oidc.py|b64url_encode	2	
function	webui|src/webui/oidc.py|rs256_verify	3	
function	webui|src/webui/routes/bind9_page.py|bind9_page	1	
function	webui|src/webui/routes/directory_page.py|directory_page	1	
function	webui|src/webui/routes/directory_post.py|_device_fields	1	
function	webui|src/webui/routes/directory_post.py|_role_fields	2	
function	webui|src/webui/routes/directory_post.py|directory_post	3	
function	webui|src/webui/routes/dirsrv_page.py|dirsrv_page	1	0.5.0 / 2026-10-05
function	webui|src/webui/routes/dirsrv_post.py|_device_fields	1	0.5.0 / 2026-10-05
function	webui|src/webui/routes/dirsrv_post.py|_role_fields	2	0.5.0 / 2026-10-05
function	webui|src/webui/routes/dirsrv_post.py|dirsrv_post	3	0.5.0 / 2026-10-05
function	webui|src/webui/routes/get_page.py|get_page	1	
function	webui|src/webui/routes/kea_post.py|_kea	3	
function	webui|src/webui/routes/kea_post.py|_pools	1	
function	webui|src/webui/routes/kea_post.py|_where	2	
function	webui|src/webui/routes/kea_post.py|kea_post	4	
function	webui|src/webui/routes/openbao_page.py|openbao_page	1	
function	webui|src/webui/routes/post_action.py|_radius_people	2	
function	webui|src/webui/routes/post_action.py|_segments	1	
function	webui|src/webui/routes/post_action.py|post_action	3	
function	webui|src/webui/routes/radius_post.py|radius_post	1	
function	webui|src/webui/routes/saved_and_applied.py|saved_and_applied	1	
function	webui|src/webui/routes/security_post.py|security_post	1	
function	webui|src/webui/routes/stepca_page.py|stepca_page	1	
function	webui|src/webui/routes/stepca_post.py|stepca_post	1	
function	webui|src/webui/routes/tsig_post.py|tsig_post	1	
function	webui|src/webui/routes/vault_post.py|vault_post	1	
function	webui|src/webui/routes/zone_post.py|zone_post	1	
function	webui|src/webui/security/cert_subject_rfc2253.py|cert_subject_rfc2253	1	
function	webui|src/webui/security/parse_dn.py|parse_dn	1	
function	webui|src/webui/security/token_perms.py|token_perms	1	
function	webui|src/webui/security/verified_client_cert.py|verified_client_cert	1	
function	webui|src/webui/session/find_session.py|find_session	1	
function	webui|src/webui/session/finish_login.py|finish_login	1	
function	webui|src/webui/session/page_context.py|page_context	1	
function	webui|src/webui/session/renew_session.py|renew_session	1	
function	webui|src/webui/session/start_login.py|start_login	1	
function	webui|src/webui/tlsclient.py|PinnedHTTPSConnection.__init__	1	
function	webui|src/webui/tlsclient.py|PinnedHTTPSConnection.connect	2	
function	webui|src/webui/tlsclient.py|TLSClient.__init__	3	
function	webui|src/webui/tlsclient.py|TLSClient.request	4	
function	webui|src/webui/views/apply_result.py|apply_result	1	
function	webui|src/webui/views/audit.py|audit	1	
function	webui|src/webui/views/b64.py|b64	1	
function	webui|src/webui/views/bind9.py|bind9	1	
function	webui|src/webui/views/continue_page.py|continue_page	1	
function	webui|src/webui/views/css.py|css	1	
function	webui|src/webui/views/directory.py|directory	1	
function	webui|src/webui/views/dirsrv.py|dirsrv	1	0.5.0 / 2026-10-05
function	webui|src/webui/views/error_page.py|error_page	1	
function	webui|src/webui/views/federation.py|federation	1	
function	webui|src/webui/views/freeradius.py|freeradius	1	
function	webui|src/webui/views/kea.py|kea	1	
function	webui|src/webui/views/machine_result.py|machine_result	1	
function	webui|src/webui/views/openbao.py|openbao	1	
function	webui|src/webui/views/overview.py|overview	1	
function	webui|src/webui/views/person_result.py|person_result	1	
function	webui|src/webui/views/pki_result.py|pki_result	1	
function	webui|src/webui/views/radius_secret.py|radius_secret	1	
function	webui|src/webui/views/render_page.py|render_page	1	
function	webui|src/webui/views/security.py|security	1	
function	webui|src/webui/views/stepca.py|stepca	1	
function	webui|src/webui/views/tsig_result.py|tsig_result	1	
page	fabricctl-agent	2	
page	fabricctl-jinja	3	
page	fabricctl-lib	4	
page	fabriclib-common	5	
page	fabriclib-consent	6	
page	fabriclib-core	7	
page	fabriclib-deploy	8	
page	fabriclib-dhcp	9	
page	fabriclib-directory	31	
page	fabriclib-dns	10	
page	fabriclib-dns_filter	11	
page	fabriclib-federation	12	
page	fabriclib-images	13	
page	fabriclib-keycloak	14	
page	fabriclib-ldap	15	0.5.0 / 2026-10-04
page	fabriclib-logs	16	
page	fabriclib-menu	17	
page	fabriclib-ntp	18	
page	fabriclib-pki	19	
page	fabriclib-radius	20	
page	fabriclib-rbac	21	
page	fabriclib-samba	30	
page	fabriclib-secrets	22	
page	fabriclib-security	23	
page	fabriclib-setup	24	
page	fabriclib-system	25	
page	fabriclib-undo	26	
page	fabriclib-vault	27	
page	installers	28	
page	webui	29	
